customer_id,customer_code,first_name,last_name,email,phone_number,date_of_birth,gender,loyalty_tier,loyalty_points,registration_date,location_id,is_active,created_at,updated_at
1,CUST000001,Scott,Nelson,reeddaniel@example.net,+1-497-684-0369x0034,1975-09-30,FEMALE,GOLD,17261,2024-01-13,47,TRUE,2024-01-13 00:00:00,2024-01-13 00:00:00
2,CUST000002,David,Jimenez,ythompson@example.net,001-738-885-1606x071,1963-05-21,FEMALE,GOLD,19558,2023-07-04,7,TRUE,2023-07-04 00:00:00,2023-07-04 00:00:00
3,CUST000003,Jenna,Butler,sullivantammy@example.org,+1-875-616-1369x681,1981-04-09,MALE,PLATINUM,35348,2020-11-26,49,TRUE,2020-11-26 00:00:00,2020-11-26 00:00:00
4,CUST000004,Jeffrey,Maxwell,dixondaniel@example.net,455.423.1243,1992-02-18,NON_BINARY,SILVER,7331,2020-02-09,32,TRUE,2020-02-09 00:00:00,2020-02-09 00:00:00
5,CUST000005,Diana,Thompson,kmarshall@example.net,299.755.2717x744,1993-01-15,FEMALE,BRONZE,3796,2021-05-05,20,TRUE,2021-05-05 00:00:00,2021-05-05 00:00:00
6,CUST000006,Lance,Hayes,woodjustin@example.net,999-586-7980,1977-02-09,PREFER_NOT_TO_SAY,PLATINUM,47966,2020-06-24,6,TRUE,2020-06-24 00:00:00,2020-06-24 00:00:00
7,CUST000007,Thomas,Hernandez,hayeslisa@example.com,001-718-720-3778x892,1965-05-28,FEMALE,SILVER,8241,2022-12-26,49,TRUE,2022-12-26 00:00:00,2022-12-26 00:00:00
8,CUST000008,Paul,Schroeder,mccormickdeborah@example.org,818-464-4925x19254,2002-12-23,PREFER_NOT_TO_SAY,GOLD,17370,2020-12-04,36,TRUE,2020-12-04 00:00:00,2020-12-04 00:00:00
9,CUST000009,Sharon,Collins,vschneider@example.org,+1-581-468-5054x2357,1982-08-20,FEMALE,PLATINUM,47836,2024-03-26,35,TRUE,2024-03-26 00:00:00,2024-03-26 00:00:00
10,CUST000010,Kenneth,French,stanleynancy@example.net,(296)822-2927,1954-11-29,NON_BINARY,PLATINUM,42590,2023-10-07,26,TRUE,2023-10-07 00:00:00,2023-10-07 00:00:00
11,CUST000011,Jennifer,Montes,karen73@example.net,847.835.9774,1968-02-06,FEMALE,SILVER,7930,2022-07-13,34,TRUE,2022-07-13 00:00:00,2022-07-13 00:00:00
12,CUST000012,Lisa,Solis,moniquewilliams@example.com,(881)381-4124x782,2006-01-08,FEMALE,PLATINUM,38555,2020-02-13,22,TRUE,2020-02-13 00:00:00,2020-02-13 00:00:00
13,CUST000013,Jeffrey,Hayes,sarah60@example.com,653.961.5305x15220,2004-10-08,MALE,PLATINUM,46389,2020-05-25,1,TRUE,2020-05-25 00:00:00,2020-05-25 00:00:00
14,CUST000014,Dominic,Thornton,fgilbert@example.org,232-589-8614x341,1988-12-31,FEMALE,BRONZE,4643,2021-11-07,3,TRUE,2021-11-07 00:00:00,2021-11-07 00:00:00
15,CUST000015,Laura,Bryant,copelandvincent@example.net,7895324609,1971-08-07,FEMALE,PLATINUM,35339,2021-03-14,32,TRUE,2021-03-14 00:00:00,2021-03-14 00:00:00
16,CUST000016,Jacob,Barnett,carlos88@example.net,380.767.0654x05153,1981-02-05,FEMALE,PLATINUM,30976,2023-03-26,37,TRUE,2023-03-26 00:00:00,2023-03-26 00:00:00
17,CUST000017,Michael,Morgan,mariacohen@example.net,822.917.0430x3054,1953-07-21,MALE,SILVER,6181,2021-01-24,27,TRUE,2021-01-24 00:00:00,2021-01-24 00:00:00
18,CUST000018,Karen,Lee,michelle05@example.com,956-767-6527,1961-02-08,PREFER_NOT_TO_SAY,GOLD,26941,2022-05-17,23,TRUE,2022-05-17 00:00:00,2022-05-17 00:00:00
19,CUST000019,April,Owen,mmiller@example.org,+1-845-411-5447,2003-05-19,MALE,PLATINUM,42824,2023-10-11,4,TRUE,2023-10-11 00:00:00,2023-10-11 00:00:00
20,CUST000020,Michael,Williams,christina64@example.net,9162582029,1988-08-08,FEMALE,SILVER,7161,2021-11-25,47,TRUE,2021-11-25 00:00:00,2021-11-25 00:00:00
21,CUST000021,Joel,Brewer,patrick90@example.net,(775)857-1928,1953-02-06,PREFER_NOT_TO_SAY,SILVER,9186,2022-07-07,35,TRUE,2022-07-07 00:00:00,2022-07-07 00:00:00
22,CUST000022,Joshua,Horne,fitzgeraldvictor@example.com,+1-514-347-3947,1964-12-15,PREFER_NOT_TO_SAY,BRONZE,4940,2021-05-26,30,TRUE,2021-05-26 00:00:00,2021-05-26 00:00:00
23,CUST000023,Charles,Thompson,zosborn@example.net,451-588-4422x58313,1953-09-13,MALE,BRONZE,3315,2020-07-19,36,TRUE,2020-07-19 00:00:00,2020-07-19 00:00:00
24,CUST000024,Anthony,Spencer,tanner82@example.net,314-467-8669,1994-12-10,PREFER_NOT_TO_SAY,SILVER,10899,2021-04-29,49,TRUE,2021-04-29 00:00:00,2021-04-29 00:00:00
25,CUST000025,Dawn,Cole,david89@example.org,001-626-380-1824x225,2006-05-29,FEMALE,BRONZE,3842,2022-04-01,14,TRUE,2022-04-01 00:00:00,2022-04-01 00:00:00
26,CUST000026,Cynthia,Pierce,colleenmendez@example.org,629.592.2995x90010,1960-12-08,NON_BINARY,GOLD,29819,2021-06-27,25,TRUE,2021-06-27 00:00:00,2021-06-27 00:00:00
27,CUST000027,Robert,Fowler,ismall@example.com,+1-947-536-4710x2767,1993-06-19,PREFER_NOT_TO_SAY,PLATINUM,36422,2024-05-23,47,TRUE,2024-05-23 00:00:00,2024-05-23 00:00:00
28,CUST000028,Douglas,Hensley,jessica56@example.org,001-258-681-5371x473,1966-07-31,MALE,BRONZE,3832,2021-03-21,19,TRUE,2021-03-21 00:00:00,2021-03-21 00:00:00
29,CUST000029,Michelle,Barnes,lisapeck@example.net,532-578-7747x01687,2004-09-15,PREFER_NOT_TO_SAY,PLATINUM,38284,2020-04-12,4,TRUE,2020-04-12 00:00:00,2020-04-12 00:00:00
30,CUST000030,Brandon,Campbell,amitchell@example.org,(624)356-5060x98358,1981-11-24,MALE,BRONZE,3727,2020-11-18,34,TRUE,2020-11-18 00:00:00,2020-11-18 00:00:00
31,CUST000031,Shannon,Pierce,andersoncolin@example.com,985-923-9868x00025,1969-06-27,FEMALE,BRONZE,4453,2023-05-03,5,TRUE,2023-05-03 00:00:00,2023-05-03 00:00:00
32,CUST000032,Patricia,Taylor,francisco94@example.net,688-287-9470x55169,1954-07-14,MALE,PLATINUM,37940,2021-05-19,37,TRUE,2021-05-19 00:00:00,2021-05-19 00:00:00
33,CUST000033,Joseph,Rios,jennifersilva@example.org,896.523.0913x07562,1982-10-02,NON_BINARY,PLATINUM,38251,2023-09-08,27,TRUE,2023-09-08 00:00:00,2023-09-08 00:00:00
34,CUST000034,Kimberly,Knapp,thorntonapril@example.net,578-565-2785x85497,1971-01-01,NON_BINARY,PLATINUM,46936,2023-10-03,14,TRUE,2023-10-03 00:00:00,2023-10-03 00:00:00
35,CUST000035,Kenneth,David,kellie37@example.com,258.644.1986x6524,1962-09-22,NON_BINARY,PLATINUM,44019,2020-09-25,26,TRUE,2020-09-25 00:00:00,2020-09-25 00:00:00
36,CUST000036,Christian,Bradshaw,julie33@example.net,584-221-9933x083,2005-05-01,PREFER_NOT_TO_SAY,BRONZE,610,2020-05-28,49,TRUE,2020-05-28 00:00:00,2020-05-28 00:00:00
37,CUST000037,Mark,Kennedy,adampierce@example.org,(877)434-5401x93802,1951-06-18,FEMALE,BRONZE,4801,2020-07-23,37,TRUE,2020-07-23 00:00:00,2020-07-23 00:00:00
38,CUST000038,Benjamin,Huff,vlopez@example.com,9044991547,2003-12-26,FEMALE,BRONZE,4508,2021-12-15,9,TRUE,2021-12-15 00:00:00,2021-12-15 00:00:00
39,CUST000039,Taylor,Lee,riverajessica@example.net,720-354-9329x668,1998-10-06,NON_BINARY,PLATINUM,35600,2022-06-16,11,TRUE,2022-06-16 00:00:00,2022-06-16 00:00:00
40,CUST000040,Cody,Holden,pmorris@example.org,563-274-5499x045,1970-05-27,NON_BINARY,BRONZE,512,2022-12-19,42,TRUE,2022-12-19 00:00:00,2022-12-19 00:00:00
41,CUST000041,Steven,Moore,hannah45@example.net,932.572.7956,1987-03-21,MALE,GOLD,17332,2020-10-02,7,TRUE,2020-10-02 00:00:00,2020-10-02 00:00:00
42,CUST000042,Erin,Larson,foxallison@example.com,491-408-8398,1993-02-22,NON_BINARY,SILVER,10187,2023-02-07,48,TRUE,2023-02-07 00:00:00,2023-02-07 00:00:00
43,CUST000043,Abigail,Wilson,jenniferburns@example.net,207.828.6790x874,1965-10-26,FEMALE,GOLD,22471,2024-01-09,14,TRUE,2024-01-09 00:00:00,2024-01-09 00:00:00
44,CUST000044,Aaron,Robinson,williamsmelvin@example.org,+1-801-770-4622,1961-03-07,NON_BINARY,PLATINUM,32016,2022-11-01,17,TRUE,2022-11-01 00:00:00,2022-11-01 00:00:00
45,CUST000045,Patrick,Kane,rbennett@example.net,+1-525-212-8682,2007-09-12,PREFER_NOT_TO_SAY,PLATINUM,41568,2020-07-08,4,TRUE,2020-07-08 00:00:00,2020-07-08 00:00:00
46,CUST000046,Tiffany,Ford,opatel@example.org,352.343.1069x033,1992-10-14,FEMALE,GOLD,21859,2020-01-08,3,TRUE,2020-01-08 00:00:00,2020-01-08 00:00:00
47,CUST000047,Sean,Powers,sanchezbradley@example.com,783.702.8439,1982-07-26,PREFER_NOT_TO_SAY,PLATINUM,48577,2020-11-26,17,TRUE,2020-11-26 00:00:00,2020-11-26 00:00:00
48,CUST000048,Nancy,Odom,roberthill@example.net,001-726-887-0568,1960-01-28,MALE,BRONZE,633,2023-02-22,28,TRUE,2023-02-22 00:00:00,2023-02-22 00:00:00
49,CUST000049,Kevin,White,oallen@example.com,001-627-508-6688x263,1970-11-14,MALE,PLATINUM,35755,2020-11-01,45,TRUE,2020-11-01 00:00:00,2020-11-01 00:00:00
50,CUST000050,Christian,Cole,christopher30@example.com,(299)501-3983x7354,1965-12-15,PREFER_NOT_TO_SAY,SILVER,9705,2023-02-05,38,TRUE,2023-02-05 00:00:00,2023-02-05 00:00:00
51,CUST000051,Suzanne,Wilson,srocha@example.net,001-636-738-5467x854,2004-03-10,NON_BINARY,BRONZE,2614,2022-01-16,20,TRUE,2022-01-16 00:00:00,2022-01-16 00:00:00
52,CUST000052,Tyler,Garcia,ugill@example.org,(856)609-3204x899,1977-06-15,NON_BINARY,SILVER,6736,2023-09-27,16,TRUE,2023-09-27 00:00:00,2023-09-27 00:00:00
53,CUST000053,Mark,James,victorpena@example.net,247-377-2522x87280,1954-10-01,FEMALE,PLATINUM,49117,2023-06-25,27,TRUE,2023-06-25 00:00:00,2023-06-25 00:00:00
54,CUST000054,Elizabeth,Duran,otaylor@example.org,920-938-7509,2004-09-10,PREFER_NOT_TO_SAY,SILVER,11603,2020-11-28,16,FALSE,2020-11-28 00:00:00,2020-11-28 00:00:00
55,CUST000055,Amanda,Jenkins,morenojoshua@example.com,5866211823,1946-02-20,FEMALE,GOLD,26982,2021-11-11,48,TRUE,2021-11-11 00:00:00,2021-11-11 00:00:00
56,CUST000056,Joseph,Sanders,susan79@example.org,001-234-410-1666x870,1996-07-04,MALE,GOLD,25070,2020-08-09,45,TRUE,2020-08-09 00:00:00,2020-08-09 00:00:00
57,CUST000057,Megan,Newman,ariel18@example.org,239.474.0148,1950-05-11,NON_BINARY,PLATINUM,30166,2021-02-12,15,TRUE,2021-02-12 00:00:00,2021-02-12 00:00:00
58,CUST000058,Leonard,Ali,karenmarquez@example.com,842-493-9685,2003-08-29,FEMALE,BRONZE,1550,2021-04-01,15,TRUE,2021-04-01 00:00:00,2021-04-01 00:00:00
59,CUST000059,Hannah,Miller,brian63@example.org,899-496-5047x73586,1994-12-13,NON_BINARY,GOLD,18292,2020-05-22,18,TRUE,2020-05-22 00:00:00,2020-05-22 00:00:00
60,CUST000060,Donna,Miller,lauren11@example.com,(662)965-5110,1987-12-20,NON_BINARY,PLATINUM,35141,2023-10-23,26,TRUE,2023-10-23 00:00:00,2023-10-23 00:00:00
61,CUST000061,Joseph,Anderson,ryanhawkins@example.net,(810)315-8199x56046,1967-10-28,NON_BINARY,SILVER,11702,2021-06-18,8,FALSE,2021-06-18 00:00:00,2021-06-18 00:00:00
62,CUST000062,Anita,Haney,ashleyjackson@example.com,(824)644-7212,1990-10-24,NON_BINARY,GOLD,22654,2022-06-08,39,TRUE,2022-06-08 00:00:00,2022-06-08 00:00:00
63,CUST000063,Todd,Jones,sheryl79@example.net,871.724.0659,1971-09-05,FEMALE,GOLD,25244,2020-08-24,33,TRUE,2020-08-24 00:00:00,2020-08-24 00:00:00
64,CUST000064,Ryan,Colon,kevinmorrison@example.net,575.726.5479,1972-11-18,FEMALE,BRONZE,110,2022-06-12,46,TRUE,2022-06-12 00:00:00,2022-06-12 00:00:00
65,CUST000065,Lisa,Long,frederickjames@example.net,(980)473-7416,1968-11-03,NON_BINARY,GOLD,21639,2023-09-22,5,TRUE,2023-09-22 00:00:00,2023-09-22 00:00:00
66,CUST000066,John,Hopkins,emccormick@example.com,+1-379-368-8680x589,1985-01-18,NON_BINARY,GOLD,19681,2024-01-14,8,TRUE,2024-01-14 00:00:00,2024-01-14 00:00:00
67,CUST000067,Diane,Kelly,hartdeanna@example.net,(556)910-1438x8899,1993-08-04,NON_BINARY,PLATINUM,45692,2022-04-04,21,TRUE,2022-04-04 00:00:00,2022-04-04 00:00:00
68,CUST000068,Steven,Frazier,michaeljohnson@example.org,961-312-5457x3875,1968-09-19,PREFER_NOT_TO_SAY,PLATINUM,43576,2022-05-11,13,TRUE,2022-05-11 00:00:00,2022-05-11 00:00:00
69,CUST000069,Heather,Flores,bradley10@example.com,+1-812-438-2825x8673,1972-10-02,NON_BINARY,PLATINUM,37296,2023-06-14,12,TRUE,2023-06-14 00:00:00,2023-06-14 00:00:00
70,CUST000070,Diane,Foster,shannonjordan@example.org,001-933-341-9182x553,1956-11-21,FEMALE,GOLD,18803,2021-09-14,1,TRUE,2021-09-14 00:00:00,2021-09-14 00:00:00
71,CUST000071,Michelle,Rose,candice96@example.net,355-479-2499,1961-09-04,NON_BINARY,PLATINUM,42906,2023-05-27,38,TRUE,2023-05-27 00:00:00,2023-05-27 00:00:00
72,CUST000072,John,Wilson,heather86@example.com,+1-629-466-2782x827,1964-11-17,PREFER_NOT_TO_SAY,SILVER,14005,2023-10-15,29,TRUE,2023-10-15 00:00:00,2023-10-15 00:00:00
73,CUST000073,Megan,Harvey,stephanie72@example.org,(588)676-7677x2190,1956-12-08,MALE,PLATINUM,43178,2020-12-13,48,TRUE,2020-12-13 00:00:00,2020-12-13 00:00:00
74,CUST000074,Jeffrey,Roberts,xcunningham@example.com,+1-281-991-4858,1947-03-18,NON_BINARY,PLATINUM,40583,2023-07-20,43,TRUE,2023-07-20 00:00:00,2023-07-20 00:00:00
75,CUST000075,Veronica,Garcia,kennethkidd@example.com,451-571-3395x962,1979-07-27,NON_BINARY,PLATINUM,44092,2021-04-26,49,TRUE,2021-04-26 00:00:00,2021-04-26 00:00:00
76,CUST000076,Linda,Hudson,candice25@example.net,449-748-1260x4223,1996-05-26,MALE,BRONZE,1600,2020-10-28,13,TRUE,2020-10-28 00:00:00,2020-10-28 00:00:00
77,CUST000077,Kathleen,Lowe,othomas@example.com,+1-266-371-1684x5775,1997-05-05,PREFER_NOT_TO_SAY,BRONZE,4772,2023-06-05,31,TRUE,2023-06-05 00:00:00,2023-06-05 00:00:00
78,CUST000078,Stephen,Beck,melissa86@example.org,(237)345-4589x29750,1991-03-13,PREFER_NOT_TO_SAY,SILVER,12742,2023-03-24,41,TRUE,2023-03-24 00:00:00,2023-03-24 00:00:00
79,CUST000079,Mary,Smith,scottsmith@example.com,724.424.1541,1984-08-06,MALE,PLATINUM,42995,2020-10-29,16,TRUE,2020-10-29 00:00:00,2020-10-29 00:00:00
80,CUST000080,Connie,Barber,rubendavis@example.org,2372129387,1948-05-30,FEMALE,GOLD,27862,2020-08-06,50,TRUE,2020-08-06 00:00:00,2020-08-06 00:00:00
81,CUST000081,Lisa,Mcneil,ebenson@example.org,861.411.5542,1988-12-20,MALE,PLATINUM,30444,2022-11-26,45,TRUE,2022-11-26 00:00:00,2022-11-26 00:00:00
82,CUST000082,Erica,Jones,bishopfrank@example.com,001-732-869-7311x219,1985-07-26,PREFER_NOT_TO_SAY,SILVER,8738,2022-07-23,8,TRUE,2022-07-23 00:00:00,2022-07-23 00:00:00
83,CUST000083,Donald,Hill,wrightcarolyn@example.net,+1-540-943-8983x640,1964-12-17,PREFER_NOT_TO_SAY,GOLD,20794,2023-05-04,36,TRUE,2023-05-04 00:00:00,2023-05-04 00:00:00
84,CUST000084,John,Little,ricetiffany@example.com,626-596-5827x10910,1969-06-17,PREFER_NOT_TO_SAY,GOLD,27966,2022-10-30,47,TRUE,2022-10-30 00:00:00,2022-10-30 00:00:00
85,CUST000085,Bruce,Mccormick,courtney86@example.com,001-561-488-9241x418,1947-08-29,NON_BINARY,GOLD,29495,2022-08-30,48,TRUE,2022-08-30 00:00:00,2022-08-30 00:00:00
86,CUST000086,Peter,Walters,collinssamuel@example.org,6314617990,1978-12-10,PREFER_NOT_TO_SAY,PLATINUM,34163,2021-07-21,41,TRUE,2021-07-21 00:00:00,2021-07-21 00:00:00
87,CUST000087,Jean,Miles,tylerreed@example.net,001-642-352-4105x648,1952-09-03,NON_BINARY,SILVER,5077,2022-06-19,18,TRUE,2022-06-19 00:00:00,2022-06-19 00:00:00
88,CUST000088,William,Brown,michaelscott@example.org,001-913-780-0030,1976-05-28,MALE,PLATINUM,35399,2021-10-16,22,TRUE,2021-10-16 00:00:00,2021-10-16 00:00:00
89,CUST000089,Edward,Velazquez,tranrobin@example.net,+1-263-453-6541x9518,1969-04-11,FEMALE,PLATINUM,45478,2022-02-23,15,TRUE,2022-02-23 00:00:00,2022-02-23 00:00:00
90,CUST000090,Zachary,Williams,djones@example.com,001-945-718-7053x494,1959-03-18,NON_BINARY,GOLD,26712,2022-04-29,5,TRUE,2022-04-29 00:00:00,2022-04-29 00:00:00
91,CUST000091,Trevor,Barton,jessicapayne@example.org,(206)803-8505,1982-06-04,PREFER_NOT_TO_SAY,SILVER,13555,2020-05-07,27,TRUE,2020-05-07 00:00:00,2020-05-07 00:00:00
92,CUST000092,Jessica,Garcia,robertwoodward@example.org,001-441-803-8657x191,1998-08-20,MALE,PLATINUM,45581,2023-04-11,50,TRUE,2023-04-11 00:00:00,2023-04-11 00:00:00
93,CUST000093,Ashley,Graham,joelgreen@example.com,(455)974-3132x9121,1949-11-11,PREFER_NOT_TO_SAY,GOLD,24928,2023-03-25,49,FALSE,2023-03-25 00:00:00,2023-03-25 00:00:00
94,CUST000094,Richard,Herrera,shannonford@example.org,524-790-3521,1974-07-05,PREFER_NOT_TO_SAY,PLATINUM,49379,2021-09-03,23,TRUE,2021-09-03 00:00:00,2021-09-03 00:00:00
95,CUST000095,Brandon,Evans,anthonysullivan@example.com,+1-283-517-1210,1970-02-10,FEMALE,PLATINUM,48989,2023-01-07,27,TRUE,2023-01-07 00:00:00,2023-01-07 00:00:00
96,CUST000096,Madison,Watson,aguilarjonathan@example.org,9132721510,1953-05-20,MALE,PLATINUM,31827,2022-06-11,18,TRUE,2022-06-11 00:00:00,2022-06-11 00:00:00
97,CUST000097,Audrey,Underwood,ycrawford@example.net,(625)932-4472x09993,1955-09-25,FEMALE,GOLD,26497,2023-10-22,43,TRUE,2023-10-22 00:00:00,2023-10-22 00:00:00
98,CUST000098,Andrea,Brown,patrick63@example.net,638.406.5787x59856,1971-02-07,MALE,PLATINUM,35004,2023-06-28,9,TRUE,2023-06-28 00:00:00,2023-06-28 00:00:00
99,CUST000099,Carla,Johnson,brian78@example.com,001-493-421-3348x039,1946-10-16,MALE,PLATINUM,43450,2023-03-01,38,TRUE,2023-03-01 00:00:00,2023-03-01 00:00:00
100,CUST000100,Louis,Rojas,robin05@example.net,001-229-337-8427,1960-01-20,FEMALE,PLATINUM,30257,2020-10-04,28,TRUE,2020-10-04 00:00:00,2020-10-04 00:00:00
101,CUST000101,Carolyn,Smith,nsmith@example.org,(352)750-0292,1948-09-08,PREFER_NOT_TO_SAY,SILVER,13871,2021-11-01,25,TRUE,2021-11-01 00:00:00,2021-11-01 00:00:00
102,CUST000102,Nathaniel,Mcmahon,vwillis@example.com,622-667-5289x53926,2005-08-30,PREFER_NOT_TO_SAY,GOLD,18235,2022-02-15,49,TRUE,2022-02-15 00:00:00,2022-02-15 00:00:00
103,CUST000103,Jessica,Rush,xrosales@example.net,4297593917,1953-03-04,MALE,BRONZE,1270,2022-08-21,6,TRUE,2022-08-21 00:00:00,2022-08-21 00:00:00
104,CUST000104,John,Haas,daisymccarty@example.net,+1-957-804-3315x4100,1992-02-08,MALE,PLATINUM,42607,2021-04-04,23,TRUE,2021-04-04 00:00:00,2021-04-04 00:00:00
105,CUST000105,Nicole,Snyder,ybell@example.org,793.427.1040x5411,2006-03-15,MALE,PLATINUM,49429,2020-03-23,42,TRUE,2020-03-23 00:00:00,2020-03-23 00:00:00
106,CUST000106,Eugene,Jones,morgantricia@example.com,001-806-629-6201x533,2001-02-01,FEMALE,PLATINUM,40719,2020-02-11,13,TRUE,2020-02-11 00:00:00,2020-02-11 00:00:00
107,CUST000107,Kenneth,Davis,farmstrong@example.org,3502614973,1986-10-07,FEMALE,SILVER,7496,2023-10-03,31,TRUE,2023-10-03 00:00:00,2023-10-03 00:00:00
108,CUST000108,Danielle,Rowland,tanthony@example.com,674.918.6256x5270,1958-03-09,FEMALE,GOLD,24175,2024-04-19,17,TRUE,2024-04-19 00:00:00,2024-04-19 00:00:00
109,CUST000109,Jeremy,Adams,hernandezheather@example.org,858-969-3806,1974-06-12,FEMALE,SILVER,7506,2024-01-11,48,TRUE,2024-01-11 00:00:00,2024-01-11 00:00:00
110,CUST000110,Joe,Evans,torr@example.org,898.399.2172x23320,1981-03-25,NON_BINARY,BRONZE,1682,2023-03-31,7,TRUE,2023-03-31 00:00:00,2023-03-31 00:00:00
111,CUST000111,Ryan,Osborn,maryscott@example.net,916-286-8548,2007-05-30,FEMALE,PLATINUM,46859,2022-03-23,25,TRUE,2022-03-23 00:00:00,2022-03-23 00:00:00
112,CUST000112,Cindy,Mills,jrodriguez@example.org,001-799-811-9148,1994-09-13,MALE,GOLD,15915,2023-07-08,45,TRUE,2023-07-08 00:00:00,2023-07-08 00:00:00
113,CUST000113,Diana,Armstrong,rjohnson@example.com,(999)660-6530,1961-10-15,MALE,PLATINUM,39348,2023-11-02,20,TRUE,2023-11-02 00:00:00,2023-11-02 00:00:00
114,CUST000114,Andrew,Roth,larry71@example.org,(947)554-6913,2001-08-29,NON_BINARY,BRONZE,2691,2024-05-21,37,TRUE,2024-05-21 00:00:00,2024-05-21 00:00:00
115,CUST000115,Richard,Washington,lori82@example.org,986-228-9023x3030,2002-09-11,NON_BINARY,BRONZE,4519,2022-01-28,43,FALSE,2022-01-28 00:00:00,2022-01-28 00:00:00
116,CUST000116,Janet,Hill,owagner@example.org,+1-603-357-9727x9855,2002-12-25,PREFER_NOT_TO_SAY,SILVER,6916,2022-09-30,27,TRUE,2022-09-30 00:00:00,2022-09-30 00:00:00
117,CUST000117,Paul,Martin,mercedesholland@example.net,246.580.0722,1963-02-09,FEMALE,PLATINUM,46354,2022-07-30,41,TRUE,2022-07-30 00:00:00,2022-07-30 00:00:00
118,CUST000118,Linda,Torres,rodney65@example.com,637-648-9691x085,1961-01-18,NON_BINARY,PLATINUM,42628,2022-12-04,47,TRUE,2022-12-04 00:00:00,2022-12-04 00:00:00
119,CUST000119,Timothy,Rogers,danielle44@example.net,001-943-628-3096x520,1988-04-07,PREFER_NOT_TO_SAY,PLATINUM,31686,2024-05-05,35,TRUE,2024-05-05 00:00:00,2024-05-05 00:00:00
120,CUST000120,Robert,Price,aguilarwanda@example.org,638-475-8428x24172,1961-06-29,NON_BINARY,GOLD,17589,2023-04-28,47,TRUE,2023-04-28 00:00:00,2023-04-28 00:00:00
121,CUST000121,Rachel,Pena,michaelgarner@example.com,(955)549-4717x09991,2004-10-20,FEMALE,GOLD,29543,2021-07-25,6,TRUE,2021-07-25 00:00:00,2021-07-25 00:00:00
122,CUST000122,Mikayla,James,robert22@example.org,969-672-5217x52500,1976-09-04,PREFER_NOT_TO_SAY,PLATINUM,43790,2023-06-03,37,TRUE,2023-06-03 00:00:00,2023-06-03 00:00:00
123,CUST000123,Kim,Johnston,tracygallagher@example.org,(296)566-6760,1958-05-04,PREFER_NOT_TO_SAY,SILVER,11917,2021-10-27,32,TRUE,2021-10-27 00:00:00,2021-10-27 00:00:00
124,CUST000124,Stephanie,Mcclain,andrewsmith@example.net,635.442.1689,1991-03-07,NON_BINARY,GOLD,18327,2021-11-28,17,TRUE,2021-11-28 00:00:00,2021-11-28 00:00:00
125,CUST000125,Brandon,Fry,mluna@example.net,262-457-5326x03323,1949-04-06,FEMALE,SILVER,5610,2021-01-26,34,TRUE,2021-01-26 00:00:00,2021-01-26 00:00:00
126,CUST000126,Jennifer,Conner,qmcdowell@example.net,+1-609-901-0016x761,1952-11-27,FEMALE,PLATINUM,49687,2023-02-11,32,TRUE,2023-02-11 00:00:00,2023-02-11 00:00:00
127,CUST000127,Jamie,Jennings,turnerdorothy@example.net,549.592.6189x14117,1989-05-13,PREFER_NOT_TO_SAY,PLATINUM,32166,2023-12-28,42,TRUE,2023-12-28 00:00:00,2023-12-28 00:00:00
128,CUST000128,Marie,Dudley,jade42@example.org,+1-373-975-3001,1994-02-27,PREFER_NOT_TO_SAY,SILVER,14522,2021-08-25,6,TRUE,2021-08-25 00:00:00,2021-08-25 00:00:00
129,CUST000129,Christopher,Hunt,conwaydawn@example.com,247-201-2045x5611,1954-07-18,NON_BINARY,PLATINUM,38112,2023-09-21,20,TRUE,2023-09-21 00:00:00,2023-09-21 00:00:00
130,CUST000130,Elizabeth,Jackson,patricia94@example.net,855-921-6674,1998-10-28,NON_BINARY,GOLD,27885,2021-12-05,34,TRUE,2021-12-05 00:00:00,2021-12-05 00:00:00
131,CUST000131,Deborah,Robles,andersonjessica@example.org,769-279-7296,1995-07-17,NON_BINARY,GOLD,20094,2021-07-08,30,TRUE,2021-07-08 00:00:00,2021-07-08 00:00:00
132,CUST000132,Nichole,Acosta,timothyfreeman@example.com,301.845.0899x358,1999-06-28,MALE,GOLD,20679,2021-01-29,47,TRUE,2021-01-29 00:00:00,2021-01-29 00:00:00
133,CUST000133,John,Reed,jhernandez@example.net,7025877217,1986-11-02,FEMALE,SILVER,12133,2023-11-14,49,TRUE,2023-11-14 00:00:00,2023-11-14 00:00:00
134,CUST000134,Joshua,Hunter,ppowell@example.org,879.871.7751x701,1965-12-29,NON_BINARY,PLATINUM,47486,2021-07-20,31,TRUE,2021-07-20 00:00:00,2021-07-20 00:00:00
135,CUST000135,Andrea,Petersen,pamela83@example.net,+1-375-350-3758x9975,1947-05-29,NON_BINARY,SILVER,14908,2021-08-29,13,TRUE,2021-08-29 00:00:00,2021-08-29 00:00:00
136,CUST000136,Jeffrey,Peterson,amy51@example.org,(372)861-4933,1992-12-25,FEMALE,PLATINUM,35005,2023-12-21,1,TRUE,2023-12-21 00:00:00,2023-12-21 00:00:00
137,CUST000137,Makayla,Lee,daniel60@example.net,+1-991-477-9827x0808,1958-09-24,FEMALE,GOLD,19145,2023-02-07,4,TRUE,2023-02-07 00:00:00,2023-02-07 00:00:00
138,CUST000138,Glenn,Ochoa,hughescaroline@example.com,666.793.4654x72269,1988-09-24,MALE,SILVER,6723,2022-10-02,49,TRUE,2022-10-02 00:00:00,2022-10-02 00:00:00
139,CUST000139,Selena,Chen,jasonklein@example.net,(822)688-5158x799,1989-12-30,NON_BINARY,GOLD,28866,2022-09-07,31,TRUE,2022-09-07 00:00:00,2022-09-07 00:00:00
140,CUST000140,Robert,Smith,johnsondustin@example.net,5342244204,2000-06-05,MALE,PLATINUM,31308,2021-06-01,4,TRUE,2021-06-01 00:00:00,2021-06-01 00:00:00
141,CUST000141,Shaun,Jensen,juliahoffman@example.org,540.766.6580x04397,1967-09-30,MALE,BRONZE,4855,2022-10-04,26,TRUE,2022-10-04 00:00:00,2022-10-04 00:00:00
142,CUST000142,Amy,Morrison,kellythompson@example.net,622-481-6064,1992-09-20,FEMALE,SILVER,5582,2021-09-14,37,TRUE,2021-09-14 00:00:00,2021-09-14 00:00:00
143,CUST000143,Meghan,Smith,jmckinney@example.org,(759)309-4798,1955-04-15,FEMALE,PLATINUM,39735,2022-05-02,49,TRUE,2022-05-02 00:00:00,2022-05-02 00:00:00
144,CUST000144,Louis,Robinson,abigailhartman@example.org,(988)261-5335x55439,1994-07-17,NON_BINARY,GOLD,29014,2022-07-11,25,TRUE,2022-07-11 00:00:00,2022-07-11 00:00:00
145,CUST000145,Michael,Allen,susanfleming@example.com,(216)648-4085x8877,1952-05-17,MALE,PLATINUM,37265,2021-09-17,28,TRUE,2021-09-17 00:00:00,2021-09-17 00:00:00
146,CUST000146,James,Palmer,jacksonstephanie@example.net,+1-801-333-6138,2001-09-27,FEMALE,PLATINUM,49986,2020-07-22,48,TRUE,2020-07-22 00:00:00,2020-07-22 00:00:00
147,CUST000147,Eric,Stevens,benjamin10@example.org,281-893-4667x665,1992-03-14,FEMALE,SILVER,5320,2023-09-14,17,TRUE,2023-09-14 00:00:00,2023-09-14 00:00:00
148,CUST000148,Amanda,May,avilabrenda@example.net,958-814-4914,1987-07-26,MALE,SILVER,10258,2020-06-02,36,TRUE,2020-06-02 00:00:00,2020-06-02 00:00:00
149,CUST000149,Donna,Wells,derekmyers@example.net,824-350-8821x0099,1970-01-15,NON_BINARY,PLATINUM,30796,2023-05-01,45,FALSE,2023-05-01 00:00:00,2023-05-01 00:00:00
150,CUST000150,Kaitlin,Berger,jason82@example.org,(939)343-1290,1964-05-05,PREFER_NOT_TO_SAY,GOLD,18528,2023-12-18,19,TRUE,2023-12-18 00:00:00,2023-12-18 00:00:00
151,CUST000151,Carlos,Garcia,wlynn@example.org,+1-431-749-1357x7594,1963-06-17,FEMALE,PLATINUM,40963,2021-06-25,15,TRUE,2021-06-25 00:00:00,2021-06-25 00:00:00
152,CUST000152,Susan,Jackson,john36@example.com,(325)677-7547x812,1996-01-13,FEMALE,PLATINUM,42443,2021-04-05,35,TRUE,2021-04-05 00:00:00,2021-04-05 00:00:00
153,CUST000153,Donald,Ryan,jessica11@example.org,709.896.9308x48872,1999-04-01,FEMALE,BRONZE,3908,2020-05-26,10,TRUE,2020-05-26 00:00:00,2020-05-26 00:00:00
154,CUST000154,Kelsey,Quinn,dennis88@example.org,(458)903-9282x7229,1959-03-21,NON_BINARY,PLATINUM,37303,2024-03-13,39,TRUE,2024-03-13 00:00:00,2024-03-13 00:00:00
155,CUST000155,Billy,Juarez,bryanwood@example.org,+1-438-856-7700x5184,2004-04-25,PREFER_NOT_TO_SAY,GOLD,19928,2023-11-11,30,TRUE,2023-11-11 00:00:00,2023-11-11 00:00:00
156,CUST000156,Michael,Valdez,blacknicholas@example.org,665.557.7908x27231,1986-05-01,PREFER_NOT_TO_SAY,PLATINUM,32361,2023-01-10,33,TRUE,2023-01-10 00:00:00,2023-01-10 00:00:00
157,CUST000157,Eric,Guzman,guerrerorobert@example.com,001-417-477-3926x030,1954-08-13,NON_BINARY,PLATINUM,48138,2022-06-03,3,TRUE,2022-06-03 00:00:00,2022-06-03 00:00:00
158,CUST000158,Benjamin,Armstrong,jacksonsandra@example.net,(899)404-1379x7723,1984-10-22,MALE,GOLD,15002,2020-07-06,2,TRUE,2020-07-06 00:00:00,2020-07-06 00:00:00
159,CUST000159,Lori,White,gary57@example.net,001-813-466-2103,1995-03-18,MALE,PLATINUM,37764,2021-07-05,44,TRUE,2021-07-05 00:00:00,2021-07-05 00:00:00
160,CUST000160,Gregory,Valenzuela,richamanda@example.org,772-298-0686,1983-04-18,PREFER_NOT_TO_SAY,PLATINUM,34010,2022-08-21,12,TRUE,2022-08-21 00:00:00,2022-08-21 00:00:00
161,CUST000161,Roy,Mays,yclarke@example.com,001-691-862-4731,1989-02-05,PREFER_NOT_TO_SAY,GOLD,28566,2023-04-13,12,TRUE,2023-04-13 00:00:00,2023-04-13 00:00:00
162,CUST000162,Adam,Manning,lanedavid@example.org,(735)665-1269x4486,1961-05-23,NON_BINARY,GOLD,26761,2021-12-13,31,TRUE,2021-12-13 00:00:00,2021-12-13 00:00:00
163,CUST000163,Raymond,Harris,jwhite@example.net,844.795.6213x7213,2007-08-19,PREFER_NOT_TO_SAY,GOLD,21614,2020-11-25,7,TRUE,2020-11-25 00:00:00,2020-11-25 00:00:00
164,CUST000164,Christina,Cohen,martintamara@example.org,727-396-1143,1995-08-08,MALE,GOLD,26244,2023-09-18,19,TRUE,2023-09-18 00:00:00,2023-09-18 00:00:00
165,CUST000165,Jenny,Arias,hmendez@example.com,001-590-427-7038x430,1983-07-08,MALE,GOLD,21186,2021-05-31,21,TRUE,2021-05-31 00:00:00,2021-05-31 00:00:00
166,CUST000166,Michael,Pena,christopherhill@example.com,(766)793-8011x848,1987-08-12,PREFER_NOT_TO_SAY,BRONZE,75,2022-11-19,26,TRUE,2022-11-19 00:00:00,2022-11-19 00:00:00
167,CUST000167,Joshua,Obrien,shawnpowell@example.org,626-681-8184x518,2005-11-01,PREFER_NOT_TO_SAY,GOLD,23709,2022-11-27,13,TRUE,2022-11-27 00:00:00,2022-11-27 00:00:00
168,CUST000168,Tammy,Hart,katherineali@example.com,+1-279-607-1416x3356,1988-11-18,NON_BINARY,SILVER,13340,2020-04-15,49,TRUE,2020-04-15 00:00:00,2020-04-15 00:00:00
169,CUST000169,Christopher,Nunez,charles27@example.com,(539)542-3733x343,1960-10-15,PREFER_NOT_TO_SAY,PLATINUM,45760,2022-06-16,19,TRUE,2022-06-16 00:00:00,2022-06-16 00:00:00
170,CUST000170,Mary,Kelly,wilsonchristian@example.net,490.680.7595x7947,1997-09-30,FEMALE,GOLD,15682,2023-05-31,41,TRUE,2023-05-31 00:00:00,2023-05-31 00:00:00
171,CUST000171,Karen,Anderson,imendoza@example.org,356.727.1875x00369,1970-03-20,MALE,GOLD,26738,2023-02-05,1,TRUE,2023-02-05 00:00:00,2023-02-05 00:00:00
172,CUST000172,Michelle,Lopez,joel79@example.com,(427)563-6556x472,1967-12-06,FEMALE,SILVER,7698,2022-08-03,8,TRUE,2022-08-03 00:00:00,2022-08-03 00:00:00
173,CUST000173,Jennifer,Brock,mchase@example.org,001-627-202-6728x857,1996-06-10,NON_BINARY,PLATINUM,33349,2021-08-20,46,TRUE,2021-08-20 00:00:00,2021-08-20 00:00:00
174,CUST000174,Hannah,Brown,thomas17@example.net,445-658-8450x61593,1970-04-01,PREFER_NOT_TO_SAY,GOLD,15973,2022-08-25,31,TRUE,2022-08-25 00:00:00,2022-08-25 00:00:00
175,CUST000175,Emily,Freeman,ypreston@example.net,572-725-6996x1125,1967-07-10,FEMALE,PLATINUM,39280,2021-01-25,25,TRUE,2021-01-25 00:00:00,2021-01-25 00:00:00
176,CUST000176,Kelly,Adams,cnelson@example.com,001-498-876-2202x341,1965-02-10,NON_BINARY,GOLD,27193,2024-05-01,18,TRUE,2024-05-01 00:00:00,2024-05-01 00:00:00
177,CUST000177,Caleb,Johns,johnsonrandy@example.org,649-921-6433,1951-08-22,NON_BINARY,BRONZE,168,2021-07-01,33,TRUE,2021-07-01 00:00:00,2021-07-01 00:00:00
178,CUST000178,David,Roberson,johnsonmichael@example.com,878.648.7282x9979,1984-08-13,PREFER_NOT_TO_SAY,PLATINUM,43249,2023-04-02,38,TRUE,2023-04-02 00:00:00,2023-04-02 00:00:00
179,CUST000179,Timothy,Perez,ramosmichael@example.com,(240)908-2547,2002-05-30,NON_BINARY,PLATINUM,31741,2023-01-08,29,TRUE,2023-01-08 00:00:00,2023-01-08 00:00:00
180,CUST000180,Thomas,Smith,myates@example.org,4858368663,2004-10-21,PREFER_NOT_TO_SAY,GOLD,24720,2023-01-17,49,TRUE,2023-01-17 00:00:00,2023-01-17 00:00:00
181,CUST000181,Jeffrey,Miller,zacharymarsh@example.net,001-944-984-6312x241,1997-05-04,PREFER_NOT_TO_SAY,GOLD,15650,2023-11-29,13,TRUE,2023-11-29 00:00:00,2023-11-29 00:00:00
182,CUST000182,Cindy,Lopez,hernandeztara@example.org,(414)242-7031,1962-04-17,NON_BINARY,BRONZE,2860,2022-04-21,50,TRUE,2022-04-21 00:00:00,2022-04-21 00:00:00
183,CUST000183,Matthew,Collins,dbolton@example.net,9514204618,1976-03-30,FEMALE,GOLD,25302,2022-02-19,46,TRUE,2022-02-19 00:00:00,2022-02-19 00:00:00
184,CUST000184,Mckenzie,Roth,martinezkayla@example.org,(473)203-7183x7645,1957-04-04,NON_BINARY,PLATINUM,32918,2020-09-15,3,TRUE,2020-09-15 00:00:00,2020-09-15 00:00:00
185,CUST000185,Andrea,Martinez,mlittle@example.com,3318365024,1992-01-25,PREFER_NOT_TO_SAY,PLATINUM,34468,2020-07-23,29,FALSE,2020-07-23 00:00:00,2020-07-23 00:00:00
186,CUST000186,Albert,Williams,jbarker@example.com,001-413-927-1950x052,1994-11-12,FEMALE,PLATINUM,42911,2022-04-19,10,TRUE,2022-04-19 00:00:00,2022-04-19 00:00:00
187,CUST000187,Tina,Kramer,linda73@example.org,001-565-424-0778x487,1959-10-22,PREFER_NOT_TO_SAY,PLATINUM,40845,2021-11-24,17,TRUE,2021-11-24 00:00:00,2021-11-24 00:00:00
188,CUST000188,Mario,Mcdonald,caseymoore@example.com,585-770-8620x959,1979-05-25,PREFER_NOT_TO_SAY,PLATINUM,34971,2023-10-13,22,TRUE,2023-10-13 00:00:00,2023-10-13 00:00:00
189,CUST000189,Dominique,Ryan,rlee@example.com,001-482-294-5651x181,1990-07-28,PREFER_NOT_TO_SAY,PLATINUM,49768,2024-01-11,41,TRUE,2024-01-11 00:00:00,2024-01-11 00:00:00
190,CUST000190,Todd,Garcia,hbarrett@example.net,001-994-205-3910x371,1957-11-17,FEMALE,BRONZE,4484,2023-06-18,3,TRUE,2023-06-18 00:00:00,2023-06-18 00:00:00
191,CUST000191,Julia,Zamora,laura09@example.com,501.441.3811x38633,1967-11-20,MALE,PLATINUM,48940,2021-04-10,19,TRUE,2021-04-10 00:00:00,2021-04-10 00:00:00
192,CUST000192,Angela,Reese,emily61@example.org,(786)785-2897,1980-04-30,MALE,PLATINUM,41533,2024-04-06,7,TRUE,2024-04-06 00:00:00,2024-04-06 00:00:00
193,CUST000193,Wendy,Kirk,bduran@example.net,293-698-3684x57760,1979-10-21,MALE,BRONZE,1897,2021-09-05,45,TRUE,2021-09-05 00:00:00,2021-09-05 00:00:00
194,CUST000194,Zachary,Holder,adam33@example.com,2489889921,1982-09-06,NON_BINARY,GOLD,23492,2021-08-23,4,TRUE,2021-08-23 00:00:00,2021-08-23 00:00:00
195,CUST000195,Devon,Richardson,jesseshepherd@example.org,001-369-631-5727,1967-07-22,FEMALE,GOLD,27004,2022-12-23,16,TRUE,2022-12-23 00:00:00,2022-12-23 00:00:00
196,CUST000196,Lindsey,James,weeksmatthew@example.com,(713)590-6048x05892,1947-07-03,FEMALE,GOLD,25070,2023-06-02,6,TRUE,2023-06-02 00:00:00,2023-06-02 00:00:00
197,CUST000197,Emily,Osborn,kmullins@example.net,936-246-2251,1954-10-20,PREFER_NOT_TO_SAY,GOLD,15216,2020-10-20,38,TRUE,2020-10-20 00:00:00,2020-10-20 00:00:00
198,CUST000198,Jose,Ross,iayala@example.org,683.876.9389x8331,1979-09-06,MALE,PLATINUM,43702,2021-06-06,30,TRUE,2021-06-06 00:00:00,2021-06-06 00:00:00
199,CUST000199,Sandra,Davis,whenderson@example.org,559-704-2597x92703,1965-07-10,FEMALE,PLATINUM,44407,2021-08-12,30,TRUE,2021-08-12 00:00:00,2021-08-12 00:00:00
200,CUST000200,Jessica,Miller,sanchezchristine@example.org,605-914-7705x3833,1954-12-23,PREFER_NOT_TO_SAY,GOLD,19605,2023-04-18,23,TRUE,2023-04-18 00:00:00,2023-04-18 00:00:00
201,CUST000201,Victoria,Neal,bennettrebecca@example.net,9422043940,1984-05-26,PREFER_NOT_TO_SAY,SILVER,13055,2021-09-10,30,TRUE,2021-09-10 00:00:00,2021-09-10 00:00:00
202,CUST000202,Donna,Alvarado,michelle04@example.net,(936)281-5798x1238,1949-05-06,NON_BINARY,GOLD,24993,2021-04-30,7,TRUE,2021-04-30 00:00:00,2021-04-30 00:00:00
203,CUST000203,Sandra,Torres,klong@example.org,(655)543-8404x608,1947-08-27,PREFER_NOT_TO_SAY,BRONZE,1437,2021-08-27,45,TRUE,2021-08-27 00:00:00,2021-08-27 00:00:00
204,CUST000204,Penny,Sandoval,blairabigail@example.net,+1-436-539-2649x578,1954-09-15,MALE,PLATINUM,48802,2023-11-05,37,TRUE,2023-11-05 00:00:00,2023-11-05 00:00:00
205,CUST000205,Bianca,Sutton,michelleparker@example.net,226.729.2518x81252,1986-04-03,FEMALE,GOLD,18756,2022-10-14,48,TRUE,2022-10-14 00:00:00,2022-10-14 00:00:00
206,CUST000206,Robert,Jenkins,oreese@example.net,523-512-2099x499,2000-08-05,FEMALE,PLATINUM,41721,2021-03-24,23,TRUE,2021-03-24 00:00:00,2021-03-24 00:00:00
207,CUST000207,Anthony,Miller,manderson@example.com,001-252-667-7223x306,1959-09-12,FEMALE,PLATINUM,47246,2024-03-27,44,TRUE,2024-03-27 00:00:00,2024-03-27 00:00:00
208,CUST000208,Jeffrey,Powers,katherinejones@example.com,+1-275-373-6609x656,2005-01-04,NON_BINARY,BRONZE,2583,2023-08-16,41,TRUE,2023-08-16 00:00:00,2023-08-16 00:00:00
209,CUST000209,Margaret,Williams,aprilfoster@example.net,6866803476,1973-08-07,FEMALE,GOLD,23911,2023-04-01,3,TRUE,2023-04-01 00:00:00,2023-04-01 00:00:00
210,CUST000210,Roberto,Austin,vaughnrebecca@example.com,+1-271-481-2982x6657,1974-03-19,PREFER_NOT_TO_SAY,PLATINUM,48986,2021-10-31,19,TRUE,2021-10-31 00:00:00,2021-10-31 00:00:00
211,CUST000211,Peggy,Huang,udavis@example.net,+1-821-811-7518x6892,1973-09-24,NON_BINARY,PLATINUM,35350,2024-05-29,9,TRUE,2024-05-29 00:00:00,2024-05-29 00:00:00
212,CUST000212,George,Rogers,fernandothomas@example.net,5642474212,1947-12-01,PREFER_NOT_TO_SAY,GOLD,16840,2020-12-02,18,TRUE,2020-12-02 00:00:00,2020-12-02 00:00:00
213,CUST000213,Johnny,Ellis,astephens@example.net,633.597.7671x9903,1984-05-15,MALE,GOLD,22198,2024-03-08,19,TRUE,2024-03-08 00:00:00,2024-03-08 00:00:00
214,CUST000214,Eddie,Delgado,thomasantonio@example.net,+1-445-910-1622x499,1948-03-25,FEMALE,PLATINUM,49424,2020-10-15,5,TRUE,2020-10-15 00:00:00,2020-10-15 00:00:00
215,CUST000215,Michael,Johnson,marcus61@example.com,+1-814-572-1458,1992-05-10,NON_BINARY,GOLD,26044,2023-10-13,47,TRUE,2023-10-13 00:00:00,2023-10-13 00:00:00
216,CUST000216,Cheryl,Rodriguez,webbhaley@example.net,969-954-8995x2997,1988-12-26,MALE,GOLD,17331,2020-01-29,26,TRUE,2020-01-29 00:00:00,2020-01-29 00:00:00
217,CUST000217,Nicole,Hall,tiffany01@example.org,513.696.6055x830,1996-01-19,NON_BINARY,PLATINUM,44062,2024-03-13,44,TRUE,2024-03-13 00:00:00,2024-03-13 00:00:00
218,CUST000218,Carlos,Evans,katie15@example.com,(499)902-3557x7027,1961-03-06,FEMALE,SILVER,7100,2022-01-30,41,TRUE,2022-01-30 00:00:00,2022-01-30 00:00:00
219,CUST000219,Amanda,Rogers,dreilly@example.net,295-788-0395x5124,2001-05-07,FEMALE,GOLD,21496,2023-02-23,40,TRUE,2023-02-23 00:00:00,2023-02-23 00:00:00
220,CUST000220,Courtney,Kirby,hlopez@example.com,001-650-446-1735x743,2007-02-12,NON_BINARY,PLATINUM,45945,2022-08-08,41,TRUE,2022-08-08 00:00:00,2022-08-08 00:00:00
221,CUST000221,Kristen,Strickland,wallaceangel@example.com,923.857.8452x18230,1952-03-21,MALE,BRONZE,2971,2020-10-13,8,TRUE,2020-10-13 00:00:00,2020-10-13 00:00:00
222,CUST000222,Alexandra,Smith,mcdanielbrooke@example.org,670-718-4094x35334,1990-02-09,FEMALE,SILVER,6369,2020-08-25,32,TRUE,2020-08-25 00:00:00,2020-08-25 00:00:00
223,CUST000223,Emily,Nelson,joshuasmith@example.net,+1-481-638-5854,1993-10-31,NON_BINARY,GOLD,29729,2022-03-06,9,TRUE,2022-03-06 00:00:00,2022-03-06 00:00:00
224,CUST000224,George,Collins,amber02@example.org,701.660.1662x9979,1981-04-25,PREFER_NOT_TO_SAY,PLATINUM,35402,2023-11-27,48,TRUE,2023-11-27 00:00:00,2023-11-27 00:00:00
225,CUST000225,James,Chang,beltrankatelyn@example.com,001-521-571-7477,1966-01-31,MALE,GOLD,27189,2020-11-12,47,TRUE,2020-11-12 00:00:00,2020-11-12 00:00:00
226,CUST000226,Paula,Scott,philip55@example.com,401.371.5772x4599,1954-03-16,MALE,GOLD,18333,2022-04-15,40,TRUE,2022-04-15 00:00:00,2022-04-15 00:00:00
227,CUST000227,Jennifer,Rodriguez,sparksamanda@example.com,001-363-793-8276,1970-09-15,FEMALE,GOLD,29143,2022-06-27,14,TRUE,2022-06-27 00:00:00,2022-06-27 00:00:00
228,CUST000228,Heather,Reynolds,vbradley@example.net,001-332-919-7199x758,1958-04-08,NON_BINARY,GOLD,24073,2023-11-05,7,TRUE,2023-11-05 00:00:00,2023-11-05 00:00:00
229,CUST000229,Stephanie,Jones,jenningscandace@example.com,970-513-2902x27846,1956-03-31,PREFER_NOT_TO_SAY,SILVER,8005,2021-01-23,18,TRUE,2021-01-23 00:00:00,2021-01-23 00:00:00
230,CUST000230,Natalie,Evans,samantha65@example.org,001-209-286-2405,1958-02-08,MALE,PLATINUM,41909,2023-08-07,14,TRUE,2023-08-07 00:00:00,2023-08-07 00:00:00
231,CUST000231,Lori,Howard,michelle36@example.net,001-465-966-6683,1989-06-17,FEMALE,SILVER,8252,2021-05-13,22,TRUE,2021-05-13 00:00:00,2021-05-13 00:00:00
232,CUST000232,Angela,Bridges,mary24@example.net,(320)410-2762,1953-11-28,FEMALE,SILVER,13576,2023-02-09,49,TRUE,2023-02-09 00:00:00,2023-02-09 00:00:00
233,CUST000233,Robert,Bryant,dhanson@example.net,(687)865-3269x09738,1985-08-11,MALE,SILVER,9670,2021-11-03,15,TRUE,2021-11-03 00:00:00,2021-11-03 00:00:00
234,CUST000234,Barbara,Johnson,carrolljanet@example.org,001-371-528-4781,2003-07-10,NON_BINARY,PLATINUM,35403,2020-09-23,10,TRUE,2020-09-23 00:00:00,2020-09-23 00:00:00
235,CUST000235,Judith,Horne,suttonamber@example.net,790-658-0778x7956,1974-11-30,FEMALE,BRONZE,1689,2023-09-15,8,FALSE,2023-09-15 00:00:00,2023-09-15 00:00:00
236,CUST000236,Austin,Livingston,jessica94@example.org,+1-379-629-0490x4712,1963-05-15,MALE,GOLD,21218,2023-04-20,16,TRUE,2023-04-20 00:00:00,2023-04-20 00:00:00
237,CUST000237,Christina,Hill,alexis19@example.org,001-227-752-4372,1961-01-10,PREFER_NOT_TO_SAY,PLATINUM,48609,2020-09-16,4,TRUE,2020-09-16 00:00:00,2020-09-16 00:00:00
238,CUST000238,Tammy,Larson,marymullins@example.com,001-863-972-3950x410,2007-02-22,PREFER_NOT_TO_SAY,PLATINUM,31211,2020-05-10,48,TRUE,2020-05-10 00:00:00,2020-05-10 00:00:00
239,CUST000239,Julie,Goodwin,noahthornton@example.com,728-860-4765x801,1964-02-19,PREFER_NOT_TO_SAY,SILVER,7146,2023-04-30,33,TRUE,2023-04-30 00:00:00,2023-04-30 00:00:00
240,CUST000240,Denise,Nelson,joseph14@example.net,001-767-239-3852,1983-08-11,NON_BINARY,PLATINUM,47660,2020-03-29,40,TRUE,2020-03-29 00:00:00,2020-03-29 00:00:00
241,CUST000241,Marie,Smith,foxgina@example.com,544.330.0910,1987-07-15,PREFER_NOT_TO_SAY,PLATINUM,31390,2020-05-04,2,TRUE,2020-05-04 00:00:00,2020-05-04 00:00:00
242,CUST000242,David,Gates,nicholasgallagher@example.net,001-621-824-4717,1989-10-03,PREFER_NOT_TO_SAY,PLATINUM,46687,2022-10-01,7,TRUE,2022-10-01 00:00:00,2022-10-01 00:00:00
243,CUST000243,Elizabeth,Carrillo,fernando14@example.org,(465)904-4271x7396,1988-10-04,FEMALE,PLATINUM,39865,2021-10-21,6,TRUE,2021-10-21 00:00:00,2021-10-21 00:00:00
244,CUST000244,Amber,Reynolds,gainesjennifer@example.org,2112947072,1951-12-24,NON_BINARY,PLATINUM,41489,2023-07-02,18,TRUE,2023-07-02 00:00:00,2023-07-02 00:00:00
245,CUST000245,Joseph,Graves,gandrews@example.net,001-777-766-1830x671,1987-01-07,PREFER_NOT_TO_SAY,GOLD,19326,2022-12-22,39,TRUE,2022-12-22 00:00:00,2022-12-22 00:00:00
246,CUST000246,Richard,Chen,diazmelissa@example.com,674-832-8063,1988-02-08,MALE,PLATINUM,45991,2020-07-22,28,TRUE,2020-07-22 00:00:00,2020-07-22 00:00:00
247,CUST000247,Crystal,Howard,mccluresamuel@example.org,(603)909-3761,2001-08-16,FEMALE,PLATINUM,36132,2024-04-23,42,TRUE,2024-04-23 00:00:00,2024-04-23 00:00:00
248,CUST000248,Mary,Cole,johnsonbrian@example.net,5613387829,1978-10-14,PREFER_NOT_TO_SAY,GOLD,22212,2022-04-27,15,TRUE,2022-04-27 00:00:00,2022-04-27 00:00:00
249,CUST000249,Donald,Valdez,nmeadows@example.org,420.320.4179,1947-06-22,PREFER_NOT_TO_SAY,GOLD,20483,2020-07-13,47,TRUE,2020-07-13 00:00:00,2020-07-13 00:00:00
250,CUST000250,Daniel,Crawford,bryanharris@example.com,001-365-319-8253x092,1996-09-01,PREFER_NOT_TO_SAY,SILVER,10003,2022-02-05,17,TRUE,2022-02-05 00:00:00,2022-02-05 00:00:00
251,CUST000251,Katherine,Jackson,angela73@example.net,2212962071,1962-05-28,MALE,GOLD,28303,2020-07-09,6,TRUE,2020-07-09 00:00:00,2020-07-09 00:00:00
252,CUST000252,Christopher,Pearson,robert72@example.org,(448)976-3290,1956-06-14,MALE,PLATINUM,36462,2020-09-23,24,TRUE,2020-09-23 00:00:00,2020-09-23 00:00:00
253,CUST000253,Christopher,Serrano,michael08@example.org,918.519.5883,1983-09-16,MALE,GOLD,21603,2023-02-24,36,TRUE,2023-02-24 00:00:00,2023-02-24 00:00:00
254,CUST000254,James,Hogan,kjimenez@example.net,9052436459,1962-07-25,MALE,GOLD,27717,2024-03-16,43,TRUE,2024-03-16 00:00:00,2024-03-16 00:00:00
255,CUST000255,Brian,Medina,kristenwashington@example.org,537-399-5635,1951-09-23,MALE,GOLD,23045,2021-10-01,39,TRUE,2021-10-01 00:00:00,2021-10-01 00:00:00
256,CUST000256,Corey,Rojas,nicholaswalker@example.com,001-870-762-3972,1965-09-11,PREFER_NOT_TO_SAY,PLATINUM,43039,2020-11-12,14,TRUE,2020-11-12 00:00:00,2020-11-12 00:00:00
257,CUST000257,Jennifer,Chen,james20@example.net,001-704-521-7762,1953-09-28,NON_BINARY,PLATINUM,36455,2021-12-18,7,TRUE,2021-12-18 00:00:00,2021-12-18 00:00:00
258,CUST000258,Cassandra,Clarke,belindatran@example.org,268-873-9774,2000-12-28,PREFER_NOT_TO_SAY,SILVER,14821,2023-03-21,18,TRUE,2023-03-21 00:00:00,2023-03-21 00:00:00
259,CUST000259,John,Murphy,patriciavargas@example.org,001-806-900-7806,1991-07-12,MALE,PLATINUM,40211,2023-06-27,50,TRUE,2023-06-27 00:00:00,2023-06-27 00:00:00
260,CUST000260,Heather,Garcia,jallen@example.org,001-963-225-4310x742,1996-02-28,MALE,GOLD,17527,2023-11-21,43,TRUE,2023-11-21 00:00:00,2023-11-21 00:00:00
261,CUST000261,Steven,Taylor,xlopez@example.net,501.365.8046x498,2006-08-30,NON_BINARY,GOLD,20249,2024-04-10,45,TRUE,2024-04-10 00:00:00,2024-04-10 00:00:00
262,CUST000262,Matthew,Randolph,pamela16@example.com,590.355.2818x325,1984-03-27,PREFER_NOT_TO_SAY,PLATINUM,37114,2020-10-20,12,TRUE,2020-10-20 00:00:00,2020-10-20 00:00:00
263,CUST000263,Jo,Goodwin,karenhodges@example.com,(348)964-0155x778,1986-01-14,MALE,BRONZE,2009,2023-07-20,48,TRUE,2023-07-20 00:00:00,2023-07-20 00:00:00
264,CUST000264,Erika,Patel,shannon51@example.org,911.462.4112x412,1989-11-13,PREFER_NOT_TO_SAY,GOLD,27514,2022-02-09,14,TRUE,2022-02-09 00:00:00,2022-02-09 00:00:00
265,CUST000265,Abigail,Burton,robert82@example.com,(767)704-3103x856,2000-04-09,NON_BINARY,PLATINUM,47290,2021-09-30,24,TRUE,2021-09-30 00:00:00,2021-09-30 00:00:00
266,CUST000266,Elizabeth,Moreno,kellis@example.org,424-637-5402x5472,1975-10-11,MALE,SILVER,5567,2023-05-06,37,TRUE,2023-05-06 00:00:00,2023-05-06 00:00:00
267,CUST000267,Gregory,Erickson,evanwilson@example.com,001-727-745-2380,1956-08-19,MALE,BRONZE,3261,2023-06-19,49,TRUE,2023-06-19 00:00:00,2023-06-19 00:00:00
268,CUST000268,Shane,Cantrell,david06@example.com,001-927-752-0885x474,1954-06-21,PREFER_NOT_TO_SAY,PLATINUM,31828,2022-05-18,43,TRUE,2022-05-18 00:00:00,2022-05-18 00:00:00
269,CUST000269,Jessica,Mccullough,ericawilson@example.org,(693)575-1509x3983,1988-07-25,MALE,PLATINUM,33577,2024-03-26,14,TRUE,2024-03-26 00:00:00,2024-03-26 00:00:00
270,CUST000270,Amanda,Griffin,daughertypreston@example.com,799-780-5626x56504,1946-07-27,PREFER_NOT_TO_SAY,PLATINUM,44447,2021-08-03,8,TRUE,2021-08-03 00:00:00,2021-08-03 00:00:00
271,CUST000271,Sean,Hoffman,jessicawallace@example.com,942.766.2991x234,1964-07-23,PREFER_NOT_TO_SAY,SILVER,14451,2020-04-03,20,TRUE,2020-04-03 00:00:00,2020-04-03 00:00:00
272,CUST000272,Susan,Avila,smithdanielle@example.com,(628)979-2326x48704,1949-04-25,NON_BINARY,SILVER,13397,2020-01-16,4,TRUE,2020-01-16 00:00:00,2020-01-16 00:00:00
273,CUST000273,Steven,Johnson,moorekevin@example.net,+1-771-946-2730x1471,1980-05-20,NON_BINARY,GOLD,16745,2020-10-08,50,TRUE,2020-10-08 00:00:00,2020-10-08 00:00:00
274,CUST000274,Miranda,Burton,hmccann@example.com,690.742.9025x72520,1980-10-11,PREFER_NOT_TO_SAY,PLATINUM,48956,2022-10-15,1,TRUE,2022-10-15 00:00:00,2022-10-15 00:00:00
275,CUST000275,Rhonda,Kelly,kelly18@example.org,001-721-492-8554x451,1971-07-31,FEMALE,PLATINUM,46115,2022-12-26,25,TRUE,2022-12-26 00:00:00,2022-12-26 00:00:00
276,CUST000276,April,Watson,kjenkins@example.org,328.833.8988,1945-12-17,PREFER_NOT_TO_SAY,BRONZE,4723,2021-12-26,43,TRUE,2021-12-26 00:00:00,2021-12-26 00:00:00
277,CUST000277,Charles,Fuentes,mendozalarry@example.com,(579)485-2401,1974-02-27,PREFER_NOT_TO_SAY,BRONZE,1228,2022-06-12,3,TRUE,2022-06-12 00:00:00,2022-06-12 00:00:00
278,CUST000278,Douglas,Perez,jasonzavala@example.com,001-211-907-6031x089,1999-02-16,PREFER_NOT_TO_SAY,GOLD,28133,2023-03-25,21,TRUE,2023-03-25 00:00:00,2023-03-25 00:00:00
279,CUST000279,Johnny,Jones,websterkimberly@example.net,793.725.0124,1952-08-22,PREFER_NOT_TO_SAY,SILVER,7548,2021-08-15,27,FALSE,2021-08-15 00:00:00,2021-08-15 00:00:00
280,CUST000280,Vincent,Chandler,williamjones@example.net,001-408-933-4280x138,1955-04-07,PREFER_NOT_TO_SAY,PLATINUM,40509,2020-12-17,21,TRUE,2020-12-17 00:00:00,2020-12-17 00:00:00
281,CUST000281,Daniel,Davenport,gcoleman@example.org,(715)917-1827x54801,1987-07-31,MALE,GOLD,28620,2020-06-29,24,TRUE,2020-06-29 00:00:00,2020-06-29 00:00:00
282,CUST000282,Justin,Burke,gloria73@example.net,(346)331-7520x71678,1952-06-09,MALE,PLATINUM,34338,2022-03-31,38,TRUE,2022-03-31 00:00:00,2022-03-31 00:00:00
283,CUST000283,Richard,Garza,figueroapatricia@example.org,853-953-9613,1954-03-07,FEMALE,GOLD,22250,2024-03-07,20,TRUE,2024-03-07 00:00:00,2024-03-07 00:00:00
284,CUST000284,Jennifer,Perkins,katelyn65@example.com,+1-496-278-4271x1477,1962-09-11,MALE,PLATINUM,33455,2020-06-05,11,TRUE,2020-06-05 00:00:00,2020-06-05 00:00:00
285,CUST000285,Brian,Jones,stantonpatrick@example.net,624-799-1187x73477,1951-06-04,NON_BINARY,GOLD,22896,2024-05-08,13,TRUE,2024-05-08 00:00:00,2024-05-08 00:00:00
286,CUST000286,Amber,Smith,ewingnicole@example.org,(875)467-7002x8427,1996-02-23,MALE,GOLD,15484,2020-10-29,42,TRUE,2020-10-29 00:00:00,2020-10-29 00:00:00
287,CUST000287,Paul,Gallagher,rkeller@example.net,001-977-882-8064,1964-10-31,FEMALE,PLATINUM,39478,2020-12-21,13,TRUE,2020-12-21 00:00:00,2020-12-21 00:00:00
288,CUST000288,Michael,Levine,bryan90@example.org,(259)505-6165x565,1984-01-06,PREFER_NOT_TO_SAY,SILVER,11609,2020-06-03,42,TRUE,2020-06-03 00:00:00,2020-06-03 00:00:00
289,CUST000289,Deborah,Watkins,meltondanny@example.org,6852076986,1960-09-30,PREFER_NOT_TO_SAY,PLATINUM,37976,2024-04-05,37,TRUE,2024-04-05 00:00:00,2024-04-05 00:00:00
290,CUST000290,Brianna,Odom,uhudson@example.net,671-735-7852,1988-12-29,NON_BINARY,PLATINUM,41634,2023-08-09,37,TRUE,2023-08-09 00:00:00,2023-08-09 00:00:00
291,CUST000291,James,Reid,pittmanamanda@example.com,604-396-3919x195,2006-03-22,PREFER_NOT_TO_SAY,SILVER,9893,2021-10-09,41,TRUE,2021-10-09 00:00:00,2021-10-09 00:00:00
292,CUST000292,Amanda,Simmons,laura48@example.com,(485)936-6498x78208,1980-10-31,NON_BINARY,GOLD,19845,2023-07-17,29,TRUE,2023-07-17 00:00:00,2023-07-17 00:00:00
293,CUST000293,Suzanne,Harmon,oadams@example.net,+1-869-808-3572x324,1958-07-26,NON_BINARY,BRONZE,4862,2022-11-05,23,TRUE,2022-11-05 00:00:00,2022-11-05 00:00:00
294,CUST000294,Maria,Brown,meghanadams@example.com,+1-924-993-6312x3034,1965-03-23,NON_BINARY,GOLD,24165,2020-04-26,3,TRUE,2020-04-26 00:00:00,2020-04-26 00:00:00
295,CUST000295,Ryan,Lucas,harrisjoseph@example.org,348-820-7001x594,1980-06-01,PREFER_NOT_TO_SAY,PLATINUM,38933,2023-06-13,6,TRUE,2023-06-13 00:00:00,2023-06-13 00:00:00
296,CUST000296,Emily,Blackwell,uhahn@example.org,919.381.8984,2001-08-23,MALE,PLATINUM,48425,2024-06-09,36,TRUE,2024-06-09 00:00:00,2024-06-09 00:00:00
297,CUST000297,David,Roman,marisa63@example.com,221.923.4764,1960-02-24,NON_BINARY,SILVER,12336,2023-08-27,37,TRUE,2023-08-27 00:00:00,2023-08-27 00:00:00
298,CUST000298,Holly,Rodriguez,pwells@example.com,(557)654-0900,1978-10-04,PREFER_NOT_TO_SAY,BRONZE,4054,2020-11-04,33,TRUE,2020-11-04 00:00:00,2020-11-04 00:00:00
299,CUST000299,Kyle,Mullen,rebecca18@example.org,760.864.4134x327,1979-12-21,FEMALE,SILVER,5526,2024-01-02,22,FALSE,2024-01-02 00:00:00,2024-01-02 00:00:00
300,CUST000300,Joshua,Miller,aruiz@example.com,001-961-224-8156x985,1994-11-16,FEMALE,GOLD,28797,2022-06-15,46,TRUE,2022-06-15 00:00:00,2022-06-15 00:00:00
301,CUST000301,Danielle,White,igibbs@example.org,(734)959-1123x8296,1993-02-25,NON_BINARY,GOLD,26789,2022-03-04,19,TRUE,2022-03-04 00:00:00,2022-03-04 00:00:00
302,CUST000302,Jill,Green,lauren31@example.com,(926)569-3008x931,1975-04-15,NON_BINARY,PLATINUM,41345,2024-06-04,4,TRUE,2024-06-04 00:00:00,2024-06-04 00:00:00
303,CUST000303,Melissa,Williams,jburke@example.org,(529)610-8677x133,1961-08-22,PREFER_NOT_TO_SAY,PLATINUM,44458,2023-02-16,7,TRUE,2023-02-16 00:00:00,2023-02-16 00:00:00
304,CUST000304,Troy,Anderson,carolcarney@example.com,001-736-926-2044x397,1963-04-17,FEMALE,PLATINUM,39498,2023-09-06,47,TRUE,2023-09-06 00:00:00,2023-09-06 00:00:00
305,CUST000305,Taylor,Savage,tmcdaniel@example.com,001-769-241-1800x537,1950-07-20,NON_BINARY,SILVER,9268,2023-09-21,38,TRUE,2023-09-21 00:00:00,2023-09-21 00:00:00
306,CUST000306,William,James,ilambert@example.net,4923428757,1945-06-27,PREFER_NOT_TO_SAY,PLATINUM,43393,2023-12-01,42,TRUE,2023-12-01 00:00:00,2023-12-01 00:00:00
307,CUST000307,Alyssa,Thomas,edwardstiffany@example.com,956-444-9485x625,1965-02-20,PREFER_NOT_TO_SAY,GOLD,20288,2020-06-22,46,TRUE,2020-06-22 00:00:00,2020-06-22 00:00:00
308,CUST000308,Sandra,Fields,jbrown@example.org,920.274.2761,1980-02-27,MALE,PLATINUM,43916,2020-09-18,22,TRUE,2020-09-18 00:00:00,2020-09-18 00:00:00
309,CUST000309,Vanessa,Hoffman,uvasquez@example.org,551-234-2284,1972-12-18,MALE,GOLD,23712,2022-11-07,28,TRUE,2022-11-07 00:00:00,2022-11-07 00:00:00
310,CUST000310,Ashley,Butler,sancheztyler@example.org,904-616-5915x20177,1978-04-15,PREFER_NOT_TO_SAY,GOLD,22395,2021-03-14,12,TRUE,2021-03-14 00:00:00,2021-03-14 00:00:00
311,CUST000311,Adam,Booker,unguyen@example.net,001-823-304-5018,1982-08-01,NON_BINARY,SILVER,5057,2020-11-13,9,TRUE,2020-11-13 00:00:00,2020-11-13 00:00:00
312,CUST000312,Gregory,Hanna,ndavis@example.org,(764)521-4764x9251,1970-04-11,MALE,PLATINUM,35374,2022-11-05,7,TRUE,2022-11-05 00:00:00,2022-11-05 00:00:00
313,CUST000313,Nicole,Alvarez,bdavis@example.com,+1-326-661-0857x327,1975-12-30,PREFER_NOT_TO_SAY,SILVER,8588,2023-06-19,50,TRUE,2023-06-19 00:00:00,2023-06-19 00:00:00
314,CUST000314,Christian,Solis,edgar24@example.org,964.690.8108x18661,1974-08-24,FEMALE,PLATINUM,40942,2023-11-19,12,TRUE,2023-11-19 00:00:00,2023-11-19 00:00:00
315,CUST000315,Brenda,Mack,wilsondorothy@example.org,(960)616-4597,1967-07-18,FEMALE,GOLD,23874,2022-04-21,3,TRUE,2022-04-21 00:00:00,2022-04-21 00:00:00
316,CUST000316,Samantha,Patrick,jacobburgess@example.net,816-980-0610x277,1966-08-27,PREFER_NOT_TO_SAY,PLATINUM,49308,2021-08-06,40,TRUE,2021-08-06 00:00:00,2021-08-06 00:00:00
317,CUST000317,Lisa,Jensen,fballard@example.org,(403)510-3037,1964-03-23,FEMALE,PLATINUM,30737,2021-09-25,16,TRUE,2021-09-25 00:00:00,2021-09-25 00:00:00
318,CUST000318,Connie,Tyler,christophercarrillo@example.org,560.612.2777x0793,1972-08-08,NON_BINARY,PLATINUM,30256,2022-06-21,37,TRUE,2022-06-21 00:00:00,2022-06-21 00:00:00
319,CUST000319,Martha,Williams,garciamelanie@example.com,(579)298-4076x78997,1981-01-08,FEMALE,GOLD,27437,2022-12-16,33,TRUE,2022-12-16 00:00:00,2022-12-16 00:00:00
320,CUST000320,Robert,Stewart,adamsdeborah@example.com,579-957-6024,1978-06-07,MALE,GOLD,16384,2020-10-10,39,TRUE,2020-10-10 00:00:00,2020-10-10 00:00:00
321,CUST000321,Jesse,Robinson,sandra72@example.com,001-566-457-2934x172,1966-10-23,MALE,SILVER,6723,2023-02-09,24,TRUE,2023-02-09 00:00:00,2023-02-09 00:00:00
322,CUST000322,Craig,Perry,ntorres@example.net,3057452280,1983-04-24,PREFER_NOT_TO_SAY,GOLD,17877,2020-11-24,49,TRUE,2020-11-24 00:00:00,2020-11-24 00:00:00
323,CUST000323,Christina,Martinez,tomchaney@example.com,001-308-242-8910x771,1972-04-11,FEMALE,SILVER,6010,2022-06-14,10,TRUE,2022-06-14 00:00:00,2022-06-14 00:00:00
324,CUST000324,Gary,Wilson,rhondamoore@example.com,001-878-271-2552x137,1977-02-09,MALE,GOLD,27190,2020-02-24,23,TRUE,2020-02-24 00:00:00,2020-02-24 00:00:00
325,CUST000325,Lisa,Peterson,christopherwatson@example.com,(732)286-3266x678,1960-08-08,MALE,GOLD,25307,2021-04-27,24,TRUE,2021-04-27 00:00:00,2021-04-27 00:00:00
326,CUST000326,Kayla,Robbins,millerleroy@example.org,(706)202-9084x66845,1973-01-11,NON_BINARY,SILVER,6493,2021-10-14,2,TRUE,2021-10-14 00:00:00,2021-10-14 00:00:00
327,CUST000327,Rachel,Bishop,isabellagriffin@example.org,+1-299-775-6341,1997-04-01,PREFER_NOT_TO_SAY,GOLD,18800,2020-03-19,9,TRUE,2020-03-19 00:00:00,2020-03-19 00:00:00
328,CUST000328,Jennifer,Hobbs,jason88@example.com,752.600.8943x46810,1969-09-19,PREFER_NOT_TO_SAY,PLATINUM,46238,2024-04-03,9,TRUE,2024-04-03 00:00:00,2024-04-03 00:00:00
329,CUST000329,Michael,Williams,westashley@example.org,453.899.8935x449,1984-08-25,NON_BINARY,BRONZE,1245,2020-06-11,1,TRUE,2020-06-11 00:00:00,2020-06-11 00:00:00
330,CUST000330,John,Murphy,mackenzieward@example.org,(566)911-0627,1977-11-20,PREFER_NOT_TO_SAY,PLATINUM,47660,2023-01-28,10,TRUE,2023-01-28 00:00:00,2023-01-28 00:00:00
331,CUST000331,Erica,Powell,lwiggins@example.com,+1-367-576-2282x7728,1950-01-25,MALE,GOLD,19736,2021-05-01,19,FALSE,2021-05-01 00:00:00,2021-05-01 00:00:00
332,CUST000332,Antonio,Moore,sandra19@example.com,715-694-0821,1973-11-03,PREFER_NOT_TO_SAY,PLATINUM,40816,2023-08-01,27,TRUE,2023-08-01 00:00:00,2023-08-01 00:00:00
333,CUST000333,Kevin,Tucker,douglaslawrence@example.org,643-927-0185x1067,2007-08-01,MALE,PLATINUM,35130,2023-05-07,32,TRUE,2023-05-07 00:00:00,2023-05-07 00:00:00
334,CUST000334,Kimberly,Alvarez,kathleenwagner@example.com,001-277-925-1996x636,2001-11-12,FEMALE,PLATINUM,47090,2021-05-10,37,TRUE,2021-05-10 00:00:00,2021-05-10 00:00:00
335,CUST000335,Debbie,Cline,armstronglaura@example.net,981-281-3989x0983,1991-07-06,FEMALE,GOLD,23122,2023-06-13,1,TRUE,2023-06-13 00:00:00,2023-06-13 00:00:00
336,CUST000336,Sharon,White,hilljamie@example.net,001-971-289-5690,1952-09-22,MALE,PLATINUM,43792,2023-09-22,12,TRUE,2023-09-22 00:00:00,2023-09-22 00:00:00
337,CUST000337,Henry,Johnson,patrick11@example.org,+1-824-422-4124,1966-07-26,MALE,PLATINUM,34475,2020-05-18,24,TRUE,2020-05-18 00:00:00,2020-05-18 00:00:00
338,CUST000338,Susan,White,evanscorey@example.org,(854)361-0339x93788,1948-11-10,PREFER_NOT_TO_SAY,PLATINUM,41659,2020-03-30,31,TRUE,2020-03-30 00:00:00,2020-03-30 00:00:00
339,CUST000339,Lucas,Tran,washingtonrick@example.org,8489913824,1962-02-11,NON_BINARY,BRONZE,1064,2024-03-10,17,TRUE,2024-03-10 00:00:00,2024-03-10 00:00:00
340,CUST000340,Cynthia,Harris,nathanielgalloway@example.org,+1-468-270-0794,1950-06-08,MALE,PLATINUM,48034,2021-05-08,23,TRUE,2021-05-08 00:00:00,2021-05-08 00:00:00
341,CUST000341,Sandra,Nelson,mary65@example.net,698.340.2891,1948-12-09,FEMALE,GOLD,21791,2024-03-29,48,FALSE,2024-03-29 00:00:00,2024-03-29 00:00:00
342,CUST000342,David,Taylor,natalie39@example.net,254-974-3553x79502,1970-01-19,FEMALE,PLATINUM,42126,2021-11-24,35,TRUE,2021-11-24 00:00:00,2021-11-24 00:00:00
343,CUST000343,Albert,Thompson,ifarmer@example.org,+1-318-907-1569x5620,1945-06-02,PREFER_NOT_TO_SAY,PLATINUM,45573,2022-08-09,44,TRUE,2022-08-09 00:00:00,2022-08-09 00:00:00
344,CUST000344,James,Smith,changerin@example.net,(531)294-3375x047,1968-06-27,PREFER_NOT_TO_SAY,PLATINUM,46926,2020-05-09,9,FALSE,2020-05-09 00:00:00,2020-05-09 00:00:00
345,CUST000345,Lori,Foster,ashley72@example.net,499.692.1921,1957-07-02,MALE,SILVER,13072,2020-03-30,13,TRUE,2020-03-30 00:00:00,2020-03-30 00:00:00
346,CUST000346,Melissa,Ibarra,james08@example.net,987-906-0566x418,2003-12-18,PREFER_NOT_TO_SAY,GOLD,26098,2022-11-21,20,TRUE,2022-11-21 00:00:00,2022-11-21 00:00:00
347,CUST000347,Katherine,Stephenson,brandonhull@example.net,550.563.5190x361,1967-12-03,NON_BINARY,SILVER,12524,2023-08-17,49,TRUE,2023-08-17 00:00:00,2023-08-17 00:00:00
348,CUST000348,Lance,Garrett,johnsonryan@example.org,001-754-531-7350,1955-07-06,NON_BINARY,PLATINUM,42974,2020-04-07,50,TRUE,2020-04-07 00:00:00,2020-04-07 00:00:00
349,CUST000349,Kimberly,Harvey,garrettbeth@example.org,6068512070,2004-08-04,PREFER_NOT_TO_SAY,GOLD,26215,2022-06-13,24,TRUE,2022-06-13 00:00:00,2022-06-13 00:00:00
350,CUST000350,Erica,Hansen,melissa61@example.net,001-263-999-0767x699,1949-04-17,PREFER_NOT_TO_SAY,SILVER,12243,2021-11-25,25,TRUE,2021-11-25 00:00:00,2021-11-25 00:00:00
351,CUST000351,Briana,Rodriguez,larsoncarlos@example.org,001-428-545-6797,1977-09-25,NON_BINARY,PLATINUM,34031,2024-06-20,24,TRUE,2024-06-20 00:00:00,2024-06-20 00:00:00
352,CUST000352,Bradley,Anderson,ppalmer@example.com,498-222-7495x4508,1953-10-27,PREFER_NOT_TO_SAY,SILVER,5172,2022-05-19,47,TRUE,2022-05-19 00:00:00,2022-05-19 00:00:00
353,CUST000353,Lori,Hansen,hendersonjames@example.org,+1-631-853-7795x9959,1960-02-08,NON_BINARY,GOLD,19252,2023-01-22,12,TRUE,2023-01-22 00:00:00,2023-01-22 00:00:00
354,CUST000354,Daniel,Walter,crawfordsamantha@example.net,537.893.3756,1965-11-07,NON_BINARY,GOLD,19375,2023-09-15,21,TRUE,2023-09-15 00:00:00,2023-09-15 00:00:00
355,CUST000355,Veronica,Cox,howardangela@example.org,473-795-0033x4234,1956-10-03,PREFER_NOT_TO_SAY,SILVER,10921,2022-05-22,46,TRUE,2022-05-22 00:00:00,2022-05-22 00:00:00
356,CUST000356,John,Gonzalez,meganlozano@example.org,+1-826-315-3473x5528,1998-07-17,PREFER_NOT_TO_SAY,GOLD,23105,2024-01-28,3,TRUE,2024-01-28 00:00:00,2024-01-28 00:00:00
357,CUST000357,Nicole,Anderson,jamesgray@example.com,696-430-9938x42530,1952-08-12,PREFER_NOT_TO_SAY,PLATINUM,43986,2020-06-02,4,TRUE,2020-06-02 00:00:00,2020-06-02 00:00:00
358,CUST000358,Tanya,Blackwell,jessicamueller@example.net,+1-712-986-8578x725,1998-10-17,MALE,SILVER,10484,2023-10-23,48,TRUE,2023-10-23 00:00:00,2023-10-23 00:00:00
359,CUST000359,Troy,Adams,ylittle@example.net,+1-403-733-7363x4669,1990-03-27,MALE,GOLD,28716,2023-10-20,39,TRUE,2023-10-20 00:00:00,2023-10-20 00:00:00
360,CUST000360,Christopher,Walton,sean53@example.net,8787956776,1961-03-08,NON_BINARY,PLATINUM,42281,2024-05-13,16,TRUE,2024-05-13 00:00:00,2024-05-13 00:00:00
361,CUST000361,Logan,Reyes,scottbaker@example.org,(714)288-8143x111,1995-10-31,FEMALE,PLATINUM,39655,2020-03-07,37,TRUE,2020-03-07 00:00:00,2020-03-07 00:00:00
362,CUST000362,Matthew,Leonard,kevin43@example.net,+1-928-440-4456x690,1979-07-20,MALE,GOLD,29094,2022-01-31,24,TRUE,2022-01-31 00:00:00,2022-01-31 00:00:00
363,CUST000363,Jeremy,Cummings,thomasblack@example.net,001-777-451-5366x377,1999-09-03,NON_BINARY,GOLD,26085,2022-01-21,34,TRUE,2022-01-21 00:00:00,2022-01-21 00:00:00
364,CUST000364,David,Harding,porterdonna@example.com,736-866-8459x09022,1981-07-13,FEMALE,BRONZE,1698,2020-08-20,16,TRUE,2020-08-20 00:00:00,2020-08-20 00:00:00
365,CUST000365,James,Myers,glopez@example.com,001-974-212-1820,2006-11-24,NON_BINARY,SILVER,7717,2023-02-24,25,TRUE,2023-02-24 00:00:00,2023-02-24 00:00:00
366,CUST000366,Chad,Mccarty,jamie48@example.org,805.980.2566x212,1956-11-28,NON_BINARY,SILVER,14062,2022-07-02,46,TRUE,2022-07-02 00:00:00,2022-07-02 00:00:00
367,CUST000367,Paul,Berger,davidharris@example.com,001-272-499-4938x743,1991-12-19,FEMALE,SILVER,8037,2021-02-13,32,TRUE,2021-02-13 00:00:00,2021-02-13 00:00:00
368,CUST000368,Makayla,Jacobs,aliciakent@example.com,879.501.4754x692,1973-03-25,PREFER_NOT_TO_SAY,PLATINUM,46751,2020-12-19,29,TRUE,2020-12-19 00:00:00,2020-12-19 00:00:00
369,CUST000369,Christine,Reynolds,lbartlett@example.net,001-316-503-2484,1956-06-18,NON_BINARY,PLATINUM,43767,2021-10-16,44,TRUE,2021-10-16 00:00:00,2021-10-16 00:00:00
370,CUST000370,Robert,Gill,carneycharles@example.org,756.872.4380x70176,2002-05-26,NON_BINARY,GOLD,19029,2023-01-15,36,TRUE,2023-01-15 00:00:00,2023-01-15 00:00:00
371,CUST000371,Randy,Smith,fletcherderek@example.net,001-477-271-1837x274,1999-01-23,FEMALE,PLATINUM,45889,2023-12-24,46,TRUE,2023-12-24 00:00:00,2023-12-24 00:00:00
372,CUST000372,Gregory,Martinez,qjackson@example.org,+1-842-675-2308x3708,1983-05-22,FEMALE,SILVER,7953,2021-04-04,33,TRUE,2021-04-04 00:00:00,2021-04-04 00:00:00
373,CUST000373,Carly,Williams,pwang@example.com,331.506.0053,1973-02-13,MALE,PLATINUM,32376,2024-06-06,16,TRUE,2024-06-06 00:00:00,2024-06-06 00:00:00
374,CUST000374,Colin,Conley,jenniferwilliams@example.net,855-383-9386,2005-07-19,FEMALE,PLATINUM,30631,2022-01-25,37,TRUE,2022-01-25 00:00:00,2022-01-25 00:00:00
375,CUST000375,Daniel,Morris,moralesleslie@example.com,573.814.9501,1959-10-16,PREFER_NOT_TO_SAY,GOLD,20269,2020-05-14,6,TRUE,2020-05-14 00:00:00,2020-05-14 00:00:00
376,CUST000376,Carol,Bird,marquezkylie@example.net,(741)995-6252,1964-02-23,PREFER_NOT_TO_SAY,PLATINUM,34451,2022-09-07,47,TRUE,2022-09-07 00:00:00,2022-09-07 00:00:00
377,CUST000377,Andres,Barr,oreyes@example.net,589.803.0914,1949-05-27,NON_BINARY,SILVER,8213,2020-05-31,37,TRUE,2020-05-31 00:00:00,2020-05-31 00:00:00
378,CUST000378,Christine,Brown,victor32@example.com,203.897.5245,1992-11-08,NON_BINARY,PLATINUM,44571,2022-08-12,29,TRUE,2022-08-12 00:00:00,2022-08-12 00:00:00
379,CUST000379,Keith,Johnson,matthew38@example.org,+1-233-496-8527x0171,1985-12-22,FEMALE,PLATINUM,41929,2023-02-03,50,TRUE,2023-02-03 00:00:00,2023-02-03 00:00:00
380,CUST000380,David,Thompson,joelmiller@example.net,942.533.6293x449,2004-04-04,MALE,PLATINUM,32955,2022-06-05,9,TRUE,2022-06-05 00:00:00,2022-06-05 00:00:00
381,CUST000381,Kimberly,Miller,raymond27@example.com,(489)662-7066x14982,1962-04-11,FEMALE,GOLD,19931,2020-11-09,34,TRUE,2020-11-09 00:00:00,2020-11-09 00:00:00
382,CUST000382,Kevin,Campbell,ijones@example.net,832.930.0857x6665,1969-02-12,NON_BINARY,GOLD,22676,2021-04-06,46,TRUE,2021-04-06 00:00:00,2021-04-06 00:00:00
383,CUST000383,Vanessa,Jones,riddledavid@example.net,(836)845-8750,1964-07-16,NON_BINARY,PLATINUM,41619,2021-02-06,17,TRUE,2021-02-06 00:00:00,2021-02-06 00:00:00
384,CUST000384,John,Johnson,crystal02@example.com,+1-872-343-9920x116,1991-06-30,MALE,PLATINUM,34962,2023-06-12,20,TRUE,2023-06-12 00:00:00,2023-06-12 00:00:00
385,CUST000385,Jacob,Henderson,tking@example.net,+1-469-646-1195,1977-10-25,FEMALE,PLATINUM,38053,2023-04-27,11,TRUE,2023-04-27 00:00:00,2023-04-27 00:00:00
386,CUST000386,Sarah,Sanders,adam27@example.org,716-486-4622,1992-04-26,NON_BINARY,PLATINUM,39658,2024-01-15,40,TRUE,2024-01-15 00:00:00,2024-01-15 00:00:00
387,CUST000387,James,White,hayeslisa@example.org,402.334.6791,1989-07-03,MALE,BRONZE,1859,2020-03-25,37,FALSE,2020-03-25 00:00:00,2020-03-25 00:00:00
388,CUST000388,Nicholas,Hill,anthony37@example.com,+1-610-904-0901x3806,1963-08-13,NON_BINARY,PLATINUM,37799,2024-04-28,42,TRUE,2024-04-28 00:00:00,2024-04-28 00:00:00
389,CUST000389,Matthew,Jordan,evelyn55@example.org,(266)390-5510x762,1974-12-18,MALE,GOLD,27301,2023-03-17,50,TRUE,2023-03-17 00:00:00,2023-03-17 00:00:00
390,CUST000390,Joshua,Lyons,miguelmontgomery@example.net,986.830.5050x5739,1999-11-23,NON_BINARY,GOLD,18983,2023-01-22,41,TRUE,2023-01-22 00:00:00,2023-01-22 00:00:00
391,CUST000391,Laura,Bailey,shatfield@example.org,001-664-993-2898x027,1991-09-20,PREFER_NOT_TO_SAY,GOLD,19492,2022-04-11,44,TRUE,2022-04-11 00:00:00,2022-04-11 00:00:00
392,CUST000392,Sean,Wilson,johnjackson@example.net,001-311-460-2564x347,1955-09-26,PREFER_NOT_TO_SAY,GOLD,28809,2020-11-19,4,TRUE,2020-11-19 00:00:00,2020-11-19 00:00:00
393,CUST000393,Cynthia,Vasquez,monica99@example.org,+1-356-768-6334x1411,2003-04-13,FEMALE,PLATINUM,39758,2021-11-27,14,TRUE,2021-11-27 00:00:00,2021-11-27 00:00:00
394,CUST000394,Sharon,Garner,berrydavid@example.com,(590)340-9836x6552,1991-10-21,NON_BINARY,PLATINUM,48116,2021-10-15,46,TRUE,2021-10-15 00:00:00,2021-10-15 00:00:00
395,CUST000395,Amanda,Murray,lisaphillips@example.org,972.594.2095x4814,1970-01-20,MALE,GOLD,24283,2024-04-06,9,TRUE,2024-04-06 00:00:00,2024-04-06 00:00:00
396,CUST000396,Janet,Bennett,eric33@example.net,001-702-876-4208x656,1976-05-02,PREFER_NOT_TO_SAY,GOLD,17529,2020-09-07,30,TRUE,2020-09-07 00:00:00,2020-09-07 00:00:00
397,CUST000397,Allison,Campbell,jacquelinekelley@example.org,(959)904-7292,1969-10-14,PREFER_NOT_TO_SAY,GOLD,19019,2020-04-13,7,TRUE,2020-04-13 00:00:00,2020-04-13 00:00:00
398,CUST000398,Duane,Robinson,jillsmith@example.net,001-912-466-2015,1963-06-27,NON_BINARY,SILVER,10466,2021-05-23,27,TRUE,2021-05-23 00:00:00,2021-05-23 00:00:00
399,CUST000399,David,Robertson,brittney26@example.org,3139674926,2004-09-07,FEMALE,SILVER,12440,2021-10-02,47,TRUE,2021-10-02 00:00:00,2021-10-02 00:00:00
400,CUST000400,Debra,Hill,hrichardson@example.org,917-683-0999,1999-08-21,NON_BINARY,PLATINUM,32686,2022-08-14,33,TRUE,2022-08-14 00:00:00,2022-08-14 00:00:00
401,CUST000401,Cody,Watkins,pwashington@example.net,(949)321-5182x60688,1988-11-07,PREFER_NOT_TO_SAY,PLATINUM,33124,2022-03-16,6,TRUE,2022-03-16 00:00:00,2022-03-16 00:00:00
402,CUST000402,Brenda,Reeves,molinajared@example.net,229-420-8751,1977-11-02,MALE,GOLD,23127,2023-04-09,14,TRUE,2023-04-09 00:00:00,2023-04-09 00:00:00
403,CUST000403,Denise,Miller,melissa01@example.org,445.982.6034x08487,1981-05-18,PREFER_NOT_TO_SAY,PLATINUM,42877,2023-05-08,32,TRUE,2023-05-08 00:00:00,2023-05-08 00:00:00
404,CUST000404,Alexandra,Andersen,catherine83@example.net,503-703-2432,1988-12-09,FEMALE,GOLD,28241,2020-08-08,1,TRUE,2020-08-08 00:00:00,2020-08-08 00:00:00
405,CUST000405,Jessica,Henderson,jorge26@example.com,746-428-3143,1962-08-16,NON_BINARY,GOLD,26427,2022-01-19,47,FALSE,2022-01-19 00:00:00,2022-01-19 00:00:00
406,CUST000406,Eric,Riddle,mgray@example.org,341-781-8615,1971-08-03,FEMALE,PLATINUM,36819,2023-03-13,4,TRUE,2023-03-13 00:00:00,2023-03-13 00:00:00
407,CUST000407,Kimberly,Thomas,joshuagarcia@example.org,(611)328-4971x8594,2002-06-06,PREFER_NOT_TO_SAY,GOLD,25319,2020-05-30,19,TRUE,2020-05-30 00:00:00,2020-05-30 00:00:00
408,CUST000408,George,Potts,zwhite@example.net,+1-888-696-7924x0822,2001-08-19,MALE,PLATINUM,44590,2023-06-30,18,TRUE,2023-06-30 00:00:00,2023-06-30 00:00:00
409,CUST000409,Jessica,Villegas,erikabarnes@example.com,(575)678-4468,1948-06-24,NON_BINARY,GOLD,24457,2022-03-17,7,TRUE,2022-03-17 00:00:00,2022-03-17 00:00:00
410,CUST000410,Christopher,Torres,megan11@example.net,212.890.1487,1985-03-11,FEMALE,SILVER,9454,2024-03-26,24,TRUE,2024-03-26 00:00:00,2024-03-26 00:00:00
411,CUST000411,Sarah,Taylor,rrobertson@example.net,001-216-909-3068x538,1987-10-20,MALE,BRONZE,2638,2022-10-21,26,FALSE,2022-10-21 00:00:00,2022-10-21 00:00:00
412,CUST000412,Emily,Macias,gregoryrichardson@example.org,650.967.6251x53814,2005-12-02,PREFER_NOT_TO_SAY,PLATINUM,31047,2021-11-13,46,TRUE,2021-11-13 00:00:00,2021-11-13 00:00:00
413,CUST000413,Jason,Rojas,trobinson@example.net,207.797.0509x75451,1963-08-23,NON_BINARY,GOLD,21493,2020-10-13,33,TRUE,2020-10-13 00:00:00,2020-10-13 00:00:00
414,CUST000414,Jacob,Gomez,jordanjames@example.net,826.417.0243x76545,2001-03-25,NON_BINARY,GOLD,19610,2024-02-23,40,TRUE,2024-02-23 00:00:00,2024-02-23 00:00:00
415,CUST000415,Joseph,Mayo,wmartin@example.net,(505)931-3402x66502,1978-12-11,NON_BINARY,PLATINUM,32102,2022-12-26,33,TRUE,2022-12-26 00:00:00,2022-12-26 00:00:00
416,CUST000416,Tonya,Wilson,zpierce@example.net,001-725-268-6211x022,2005-08-10,MALE,GOLD,21708,2022-01-24,2,TRUE,2022-01-24 00:00:00,2022-01-24 00:00:00
417,CUST000417,Joel,Gregory,russell90@example.com,344.671.6392x8234,1993-06-29,MALE,PLATINUM,47534,2021-09-22,38,TRUE,2021-09-22 00:00:00,2021-09-22 00:00:00
418,CUST000418,John,Hoover,thomaspatton@example.org,001-689-523-9231x260,2007-10-14,FEMALE,PLATINUM,37910,2023-09-04,17,TRUE,2023-09-04 00:00:00,2023-09-04 00:00:00
419,CUST000419,Ronald,Jensen,linomar@example.net,733-656-7086x0414,2003-09-06,PREFER_NOT_TO_SAY,SILVER,11174,2022-09-10,38,TRUE,2022-09-10 00:00:00,2022-09-10 00:00:00
420,CUST000420,Jennifer,Wright,whiteaaron@example.net,001-753-647-4916x247,2004-07-22,MALE,BRONZE,2069,2021-05-11,44,TRUE,2021-05-11 00:00:00,2021-05-11 00:00:00
421,CUST000421,Elizabeth,Vega,markfigueroa@example.com,001-398-295-3439x611,1952-03-05,FEMALE,GOLD,27445,2021-10-04,29,TRUE,2021-10-04 00:00:00,2021-10-04 00:00:00
422,CUST000422,Rhonda,Pena,jamesgriffin@example.org,289-454-7382,1982-02-06,PREFER_NOT_TO_SAY,PLATINUM,32887,2022-04-20,14,TRUE,2022-04-20 00:00:00,2022-04-20 00:00:00
423,CUST000423,Andrea,King,patricia71@example.com,476-688-0294,1957-03-24,FEMALE,BRONZE,4081,2024-01-29,48,TRUE,2024-01-29 00:00:00,2024-01-29 00:00:00
424,CUST000424,Ashlee,Bauer,joysanders@example.net,+1-881-627-8686,1948-01-05,PREFER_NOT_TO_SAY,PLATINUM,43399,2021-10-27,36,TRUE,2021-10-27 00:00:00,2021-10-27 00:00:00
425,CUST000425,Adam,Armstrong,suarezkrystal@example.com,684.243.4481x23083,1958-03-09,NON_BINARY,PLATINUM,30124,2020-12-20,21,TRUE,2020-12-20 00:00:00,2020-12-20 00:00:00
426,CUST000426,Sheri,Ramirez,josephgibbs@example.net,338.610.5955,1985-06-11,NON_BINARY,PLATINUM,47246,2024-04-30,44,TRUE,2024-04-30 00:00:00,2024-04-30 00:00:00
427,CUST000427,Ricky,Carr,tracie05@example.org,001-942-540-8916x498,1990-08-22,NON_BINARY,GOLD,18284,2021-05-19,13,TRUE,2021-05-19 00:00:00,2021-05-19 00:00:00
428,CUST000428,James,Soto,omoore@example.net,001-965-427-1727x223,1965-07-30,FEMALE,GOLD,18940,2024-04-28,20,TRUE,2024-04-28 00:00:00,2024-04-28 00:00:00
429,CUST000429,Andrew,Martin,lisamcdaniel@example.org,421-263-7618,1985-12-11,NON_BINARY,PLATINUM,31444,2021-10-11,32,TRUE,2021-10-11 00:00:00,2021-10-11 00:00:00
430,CUST000430,Nicholas,Smith,hinesdeanna@example.org,(731)342-9001,1983-02-26,MALE,GOLD,18860,2021-07-14,47,TRUE,2021-07-14 00:00:00,2021-07-14 00:00:00
431,CUST000431,Timothy,Hart,tochoa@example.com,323.808.4810x0184,1957-11-23,NON_BINARY,GOLD,25856,2022-02-16,35,TRUE,2022-02-16 00:00:00,2022-02-16 00:00:00
432,CUST000432,Rhonda,Johnson,wcruz@example.net,736-317-2131x4519,1954-01-31,NON_BINARY,BRONZE,2756,2021-08-17,10,TRUE,2021-08-17 00:00:00,2021-08-17 00:00:00
433,CUST000433,Sandy,Miller,munozgregory@example.net,392-262-4945x14754,1967-11-10,NON_BINARY,GOLD,28991,2021-12-10,6,TRUE,2021-12-10 00:00:00,2021-12-10 00:00:00
434,CUST000434,Tiffany,Strickland,lukemyers@example.net,711.996.4215x2265,1999-06-09,NON_BINARY,PLATINUM,35296,2021-02-17,14,TRUE,2021-02-17 00:00:00,2021-02-17 00:00:00
435,CUST000435,Heather,Gutierrez,devon36@example.com,+1-378-887-8836,1971-11-07,MALE,SILVER,8996,2021-07-10,45,TRUE,2021-07-10 00:00:00,2021-07-10 00:00:00
436,CUST000436,Kimberly,Shepherd,jacquelineyoung@example.org,705.487.2105,1978-05-07,MALE,GOLD,15889,2021-05-05,38,TRUE,2021-05-05 00:00:00,2021-05-05 00:00:00
437,CUST000437,Douglas,Castaneda,osanchez@example.org,001-421-226-0650x191,1963-09-18,FEMALE,PLATINUM,41808,2021-04-07,34,TRUE,2021-04-07 00:00:00,2021-04-07 00:00:00
438,CUST000438,Donald,Sanchez,carrolllisa@example.org,001-227-228-4765x704,1954-05-27,PREFER_NOT_TO_SAY,PLATINUM,47012,2021-11-07,27,TRUE,2021-11-07 00:00:00,2021-11-07 00:00:00
439,CUST000439,Glenn,Martin,rwall@example.com,+1-349-884-3624,1983-03-19,FEMALE,BRONZE,339,2020-10-08,50,TRUE,2020-10-08 00:00:00,2020-10-08 00:00:00
440,CUST000440,David,Lewis,robinsonisaiah@example.net,+1-291-777-5662,2006-10-04,FEMALE,PLATINUM,42633,2022-09-04,31,TRUE,2022-09-04 00:00:00,2022-09-04 00:00:00
441,CUST000441,James,Rodriguez,coxkimberly@example.com,2346281139,1985-11-20,MALE,GOLD,18704,2021-10-19,19,TRUE,2021-10-19 00:00:00,2021-10-19 00:00:00
442,CUST000442,James,Hickman,josephdavila@example.net,7976005140,1956-12-22,FEMALE,PLATINUM,37626,2023-08-28,6,TRUE,2023-08-28 00:00:00,2023-08-28 00:00:00
443,CUST000443,Vincent,Edwards,iswanson@example.net,+1-615-468-1820x9679,2005-07-19,PREFER_NOT_TO_SAY,SILVER,11473,2020-03-17,47,TRUE,2020-03-17 00:00:00,2020-03-17 00:00:00
444,CUST000444,Steven,Mcclure,cisnerosjesse@example.org,+1-822-288-9857x2545,1954-09-11,PREFER_NOT_TO_SAY,GOLD,26017,2020-03-15,12,TRUE,2020-03-15 00:00:00,2020-03-15 00:00:00
445,CUST000445,Kim,Hughes,wendylawson@example.org,001-371-902-4817,2001-04-05,MALE,BRONZE,2455,2021-08-15,48,TRUE,2021-08-15 00:00:00,2021-08-15 00:00:00
446,CUST000446,Sarah,Martin,barbara51@example.org,(974)274-7219,1964-11-29,NON_BINARY,GOLD,21957,2020-08-07,39,TRUE,2020-08-07 00:00:00,2020-08-07 00:00:00
447,CUST000447,Justin,Ortiz,scotthunt@example.net,351-668-7409x03802,1968-01-18,PREFER_NOT_TO_SAY,PLATINUM,34361,2023-01-17,42,TRUE,2023-01-17 00:00:00,2023-01-17 00:00:00
448,CUST000448,Ashley,Nash,paulford@example.org,(877)787-1121x663,1968-10-28,NON_BINARY,PLATINUM,30672,2022-10-29,9,TRUE,2022-10-29 00:00:00,2022-10-29 00:00:00
449,CUST000449,Matthew,Munoz,jacquelinealvarez@example.com,208.727.2359x096,1949-03-18,PREFER_NOT_TO_SAY,SILVER,10649,2021-11-08,8,TRUE,2021-11-08 00:00:00,2021-11-08 00:00:00
450,CUST000450,Tiffany,Lewis,mirandacisneros@example.net,(544)621-2146x14768,1994-11-21,NON_BINARY,BRONZE,923,2021-01-16,46,TRUE,2021-01-16 00:00:00,2021-01-16 00:00:00
451,CUST000451,Brian,Jacobson,wpeterson@example.com,(735)867-7826,1956-09-29,FEMALE,PLATINUM,49629,2023-10-13,37,TRUE,2023-10-13 00:00:00,2023-10-13 00:00:00
452,CUST000452,Ann,English,christiancontreras@example.net,(355)802-7275,1996-12-30,NON_BINARY,GOLD,28029,2022-04-10,41,TRUE,2022-04-10 00:00:00,2022-04-10 00:00:00
453,CUST000453,Jennifer,Mcneil,cynthiafowler@example.net,503-736-8296,1961-09-15,FEMALE,SILVER,12109,2020-07-14,43,TRUE,2020-07-14 00:00:00,2020-07-14 00:00:00
454,CUST000454,James,Frazier,woodmichael@example.com,381-477-6655x8685,1958-05-13,PREFER_NOT_TO_SAY,GOLD,17090,2020-01-14,16,TRUE,2020-01-14 00:00:00,2020-01-14 00:00:00
455,CUST000455,Nathan,Tran,amyjames@example.net,001-964-391-1110x961,1974-01-20,NON_BINARY,GOLD,21602,2021-06-30,49,TRUE,2021-06-30 00:00:00,2021-06-30 00:00:00
456,CUST000456,Wesley,Shaffer,melissa33@example.com,+1-861-237-1576,1985-01-22,NON_BINARY,GOLD,17141,2020-01-24,37,TRUE,2020-01-24 00:00:00,2020-01-24 00:00:00
457,CUST000457,Kimberly,Romero,nichole44@example.com,+1-830-560-0025x8955,2004-05-05,PREFER_NOT_TO_SAY,SILVER,7747,2023-09-29,4,TRUE,2023-09-29 00:00:00,2023-09-29 00:00:00
458,CUST000458,Peter,Jensen,zpoole@example.net,(826)626-5826x31281,1980-02-28,NON_BINARY,PLATINUM,32933,2023-11-06,26,TRUE,2023-11-06 00:00:00,2023-11-06 00:00:00
459,CUST000459,Erik,Morris,davissamuel@example.net,001-592-509-8196x027,1997-11-25,FEMALE,GOLD,24087,2021-08-27,41,TRUE,2021-08-27 00:00:00,2021-08-27 00:00:00
460,CUST000460,Amanda,Sanchez,qtownsend@example.org,612-609-1179x112,1963-11-09,PREFER_NOT_TO_SAY,SILVER,10039,2022-09-06,9,TRUE,2022-09-06 00:00:00,2022-09-06 00:00:00
461,CUST000461,Christopher,Snyder,roberta36@example.org,606.217.1366x5722,2001-07-04,PREFER_NOT_TO_SAY,GOLD,27252,2022-02-04,39,TRUE,2022-02-04 00:00:00,2022-02-04 00:00:00
462,CUST000462,Donna,Welch,wilsonmatthew@example.com,299.480.2841x3908,2002-01-28,FEMALE,PLATINUM,49929,2021-03-23,43,TRUE,2021-03-23 00:00:00,2021-03-23 00:00:00
463,CUST000463,Michael,Roach,murphyjeffrey@example.net,001-824-847-3158x477,1958-10-11,PREFER_NOT_TO_SAY,SILVER,5365,2024-05-31,39,TRUE,2024-05-31 00:00:00,2024-05-31 00:00:00
464,CUST000464,John,Gonzalez,suzanne19@example.net,823-876-7694x5919,2003-04-04,MALE,PLATINUM,36973,2020-06-08,24,TRUE,2020-06-08 00:00:00,2020-06-08 00:00:00
465,CUST000465,Michael,Hurst,colepamela@example.net,896-449-8560x125,1957-09-24,FEMALE,SILVER,13248,2022-11-01,36,TRUE,2022-11-01 00:00:00,2022-11-01 00:00:00
466,CUST000466,Charles,Sandoval,dustin51@example.org,505-337-9538x16493,1967-09-08,FEMALE,SILVER,7617,2022-06-23,34,TRUE,2022-06-23 00:00:00,2022-06-23 00:00:00
467,CUST000467,Jennifer,Shah,berrydebbie@example.net,001-965-453-3077x046,1980-06-27,PREFER_NOT_TO_SAY,PLATINUM,33447,2020-07-05,32,TRUE,2020-07-05 00:00:00,2020-07-05 00:00:00
468,CUST000468,Brittany,Young,mitchelldawn@example.net,7742260880,1983-01-14,PREFER_NOT_TO_SAY,PLATINUM,33636,2020-09-27,30,TRUE,2020-09-27 00:00:00,2020-09-27 00:00:00
469,CUST000469,Cody,Lang,joshua56@example.org,+1-357-790-6477,1949-07-11,NON_BINARY,PLATINUM,30302,2023-02-18,4,TRUE,2023-02-18 00:00:00,2023-02-18 00:00:00
470,CUST000470,Curtis,Walker,taylorvictoria@example.net,001-263-621-3580x040,2004-03-22,FEMALE,BRONZE,197,2021-06-05,26,TRUE,2021-06-05 00:00:00,2021-06-05 00:00:00
471,CUST000471,Mark,Salazar,knelson@example.org,001-371-525-2967,1949-11-16,MALE,GOLD,22579,2022-05-17,3,TRUE,2022-05-17 00:00:00,2022-05-17 00:00:00
472,CUST000472,Donna,Bray,kendra73@example.org,241-558-3311x703,1981-07-22,MALE,PLATINUM,30937,2020-05-21,4,TRUE,2020-05-21 00:00:00,2020-05-21 00:00:00
473,CUST000473,Paul,Freeman,jason98@example.net,847-528-1235x67983,1974-08-23,PREFER_NOT_TO_SAY,SILVER,8875,2024-04-23,12,TRUE,2024-04-23 00:00:00,2024-04-23 00:00:00
474,CUST000474,Rodney,Parks,thomasnancy@example.net,930-772-4078,1949-06-22,PREFER_NOT_TO_SAY,GOLD,24739,2022-07-07,25,TRUE,2022-07-07 00:00:00,2022-07-07 00:00:00
475,CUST000475,Sara,Miller,zlewis@example.net,(885)407-4510x66343,1961-11-17,NON_BINARY,SILVER,8715,2023-01-09,43,TRUE,2023-01-09 00:00:00,2023-01-09 00:00:00
476,CUST000476,Alyssa,Snyder,drodriguez@example.net,313.310.0943,1982-07-29,FEMALE,PLATINUM,34658,2022-03-15,35,TRUE,2022-03-15 00:00:00,2022-03-15 00:00:00
477,CUST000477,Nicole,Lyons,gmyers@example.org,001-947-632-3549x401,1962-07-03,MALE,PLATINUM,49556,2020-01-08,15,TRUE,2020-01-08 00:00:00,2020-01-08 00:00:00
478,CUST000478,Hailey,Jackson,jacksonmartin@example.com,(407)265-0241,1998-11-10,PREFER_NOT_TO_SAY,PLATINUM,47126,2023-10-11,30,TRUE,2023-10-11 00:00:00,2023-10-11 00:00:00
479,CUST000479,Tara,Aguilar,emarks@example.org,3093438822,1982-07-28,NON_BINARY,PLATINUM,30187,2021-05-21,15,TRUE,2021-05-21 00:00:00,2021-05-21 00:00:00
480,CUST000480,Jill,Chavez,veronica47@example.com,(270)454-5897x148,1964-05-03,MALE,SILVER,7395,2024-01-24,13,TRUE,2024-01-24 00:00:00,2024-01-24 00:00:00
481,CUST000481,Melissa,Hopkins,michaeljohnson@example.net,001-665-731-3614x878,2006-10-20,FEMALE,BRONZE,1025,2023-06-13,27,TRUE,2023-06-13 00:00:00,2023-06-13 00:00:00
482,CUST000482,Peter,Butler,kyle09@example.net,001-459-916-7954x107,2001-02-02,PREFER_NOT_TO_SAY,BRONZE,2200,2023-05-01,7,TRUE,2023-05-01 00:00:00,2023-05-01 00:00:00
483,CUST000483,Alexandra,Roberts,kevinroberts@example.com,6702349107,1988-01-18,MALE,GOLD,16038,2020-04-09,46,TRUE,2020-04-09 00:00:00,2020-04-09 00:00:00
484,CUST000484,Donna,Smith,devin48@example.net,001-782-514-2369x143,1972-04-04,MALE,SILVER,14238,2023-01-10,15,TRUE,2023-01-10 00:00:00,2023-01-10 00:00:00
485,CUST000485,Dana,Henderson,orozcosamantha@example.net,629-665-9234x2683,1996-04-14,NON_BINARY,PLATINUM,47940,2021-04-24,19,TRUE,2021-04-24 00:00:00,2021-04-24 00:00:00
486,CUST000486,Ashley,Fuller,nicholasliu@example.com,828-975-8575,1950-07-17,FEMALE,GOLD,21015,2023-10-09,50,TRUE,2023-10-09 00:00:00,2023-10-09 00:00:00
487,CUST000487,Robert,Johnson,bernardrobert@example.org,+1-843-498-5298x940,1971-08-22,FEMALE,PLATINUM,34160,2023-09-14,10,TRUE,2023-09-14 00:00:00,2023-09-14 00:00:00
488,CUST000488,Adam,Aguirre,fcombs@example.org,215-591-4975x019,1970-07-14,FEMALE,PLATINUM,36485,2020-05-04,18,TRUE,2020-05-04 00:00:00,2020-05-04 00:00:00
489,CUST000489,Anna,Coffey,jeffreylowe@example.org,340-579-3110x2918,1977-09-03,MALE,PLATINUM,32481,2023-02-12,28,TRUE,2023-02-12 00:00:00,2023-02-12 00:00:00
490,CUST000490,Thomas,Wall,hmyers@example.com,(472)438-4979x1620,1958-01-07,NON_BINARY,GOLD,24979,2023-10-06,42,TRUE,2023-10-06 00:00:00,2023-10-06 00:00:00
491,CUST000491,Diane,Jackson,thomasroberts@example.net,897-854-6617,1996-09-18,PREFER_NOT_TO_SAY,GOLD,19653,2020-11-01,27,TRUE,2020-11-01 00:00:00,2020-11-01 00:00:00
492,CUST000492,Justin,Wilson,tsmith@example.org,+1-597-705-2774x0258,1954-06-26,FEMALE,GOLD,15792,2022-08-27,35,TRUE,2022-08-27 00:00:00,2022-08-27 00:00:00
493,CUST000493,Alicia,Palmer,dianabell@example.net,001-857-924-4617,2002-01-03,MALE,PLATINUM,30344,2020-10-22,46,TRUE,2020-10-22 00:00:00,2020-10-22 00:00:00
494,CUST000494,Henry,Erickson,david59@example.net,(999)761-0023x117,1983-04-26,FEMALE,PLATINUM,34733,2023-02-15,27,TRUE,2023-02-15 00:00:00,2023-02-15 00:00:00
495,CUST000495,Tina,Stokes,danielgilmore@example.net,(461)709-4101x7590,1993-01-08,MALE,GOLD,21644,2021-02-20,17,TRUE,2021-02-20 00:00:00,2021-02-20 00:00:00
496,CUST000496,Shannon,Anderson,jameshenry@example.net,433-226-8319x0130,1951-12-07,FEMALE,PLATINUM,35103,2020-07-08,24,TRUE,2020-07-08 00:00:00,2020-07-08 00:00:00
497,CUST000497,Ricky,Payne,petersonfaith@example.net,+1-387-933-9785x5982,1967-10-20,MALE,PLATINUM,39647,2023-10-11,25,TRUE,2023-10-11 00:00:00,2023-10-11 00:00:00
498,CUST000498,Nicholas,Jones,martinezzachary@example.org,673-609-8503,1972-01-31,FEMALE,PLATINUM,38507,2024-04-08,13,TRUE,2024-04-08 00:00:00,2024-04-08 00:00:00
499,CUST000499,Michael,Brennan,tammyjones@example.net,389.984.6908,1969-09-29,FEMALE,BRONZE,1004,2021-09-12,22,TRUE,2021-09-12 00:00:00,2021-09-12 00:00:00
500,CUST000500,Traci,Delgado,morganjose@example.com,001-302-838-5037x199,2004-03-04,PREFER_NOT_TO_SAY,PLATINUM,48947,2020-08-28,48,TRUE,2020-08-28 00:00:00,2020-08-28 00:00:00
